2026-01-01 21:52:02,571 - ExchangeAdapter.backpack - INFO - info:102 - 初始化交易所适配器: Backpack
2026-01-01 21:52:02,572 - ExchangeAdapter.backpack - INFO - info:102 - ✅ [Backpack] 已注册订单缓存回调，当前回调数量: 1
2026-01-01 21:52:02,609 - ExchangeAdapter.backpack - INFO - info:102 - [Backpack] 订阅管理器: 初始化成功 (模式: dynamic)
2026-01-01 21:52:02,609 - ExchangeAdapter.backpack - INFO - info:102 - 正在连接到交易所...
2026-01-01 21:52:02,609 - ExchangeAdapter.backpack - INFO - info:102 - 测试Backpack API连接并获取市场数据...
2026-01-01 21:52:03,192 - ExchangeAdapter.backpack - ERROR - error:116 - Backpack连接异常: ClientConnectorError: Cannot connect to host api.backpack.exchange:443 ssl:default [Connection reset by peer]
2026-01-01 21:52:03,193 - ExchangeAdapter.backpack - ERROR - error:116 - REST API连接失败
2026-01-01 21:52:03,193 - ExchangeAdapter.backpack - ERROR - error:116 - 交易所连接失败
2026-01-01 21:52:04,500 - ExchangeAdapter.backpack - ERROR - error:116 - 获取开放订单失败: Cannot connect to host api.backpack.exchange:443 ssl:default [Connection reset by peer]
2026-01-01 21:52:04,786 - ExchangeAdapter.backpack - ERROR - error:116 - 获取持仓失败: Cannot connect to host api.backpack.exchange:443 ssl:default [Connection reset by peer]
2026-01-01 21:52:04,788 - ExchangeAdapter.backpack - INFO - info:102 - 正在连接到交易所...
2026-01-01 21:52:04,789 - ExchangeAdapter.backpack - INFO - info:102 - 测试Backpack API连接并获取市场数据...
2026-01-01 21:52:05,188 - ExchangeAdapter.backpack - ERROR - error:116 - Backpack连接异常: ClientConnectorError: Cannot connect to host api.backpack.exchange:443 ssl:default [Connection reset by peer]
2026-01-01 21:52:05,189 - ExchangeAdapter.backpack - ERROR - error:116 - REST API连接失败
2026-01-01 21:52:05,190 - ExchangeAdapter.backpack - ERROR - error:116 - 交易所连接失败
2026-01-01 21:52:05,191 - ExchangeAdapter.backpack - INFO - connect:244 - 🔌 [Backpack] 开始建立WebSocket连接...
2026-01-01 21:53:20,571 - ExchangeAdapter.backpack - ERROR - connect:296 - ❌ [Backpack] 建立WebSocket连接失败: Cannot connect to host ws.backpack.exchange:443 ssl:default [Connection reset by peer]
2026-01-01 21:53:20,576 - ExchangeAdapter.backpack - INFO - subscribe_user_data:2012 - 订阅订单更新流: account.orderUpdate (timestamp=1767275600574)
2026-01-01 21:53:20,577 - ExchangeAdapter.backpack - WARNING - _safe_send_message:229 - ⚠️ WebSocket连接不可用，无法发送消息
2026-01-01 21:53:20,577 - ExchangeAdapter.backpack - WARNING - subscribe_user_data:2022 - 发送订单更新订阅消息失败
2026-01-01 21:53:20,578 - ExchangeAdapter.backpack - INFO - subscribe_user_data:2037 - 订阅持仓更新流: account.positionUpdate (timestamp=1767275600577)
2026-01-01 21:53:20,578 - ExchangeAdapter.backpack - WARNING - _safe_send_message:229 - ⚠️ WebSocket连接不可用，无法发送消息
2026-01-01 21:53:20,579 - ExchangeAdapter.backpack - WARNING - subscribe_user_data:2047 - 发送持仓更新订阅消息失败
2026-01-01 21:53:20,581 - ExchangeAdapter.backpack - INFO - connect:244 - 🔌 [Backpack] 开始建立WebSocket连接...
2026-01-01 21:54:35,956 - ExchangeAdapter.backpack - ERROR - connect:296 - ❌ [Backpack] 建立WebSocket连接失败: Cannot connect to host ws.backpack.exchange:443 ssl:default [Connection reset by peer]
2026-01-01 21:54:35,958 - ExchangeAdapter.backpack - WARNING - _safe_send_message:229 - ⚠️ WebSocket连接不可用，无法发送消息
2026-01-01 21:54:35,958 - ExchangeAdapter.backpack - WARNING - subscribe_ticker:1850 - 发送 BTC_USDC_PERP 订阅消息失败
2026-01-01 21:54:38,565 - ExchangeAdapter.backpack - ERROR - error:116 - 获取行情失败 BTC_USDC_PERP: Cannot connect to host api.backpack.exchange:443 ssl:default [Connection reset by peer]
2026-01-01 21:54:40,959 - ExchangeAdapter.backpack - ERROR - error:116 - 获取 BTC_USDC_PERP 订单簿快照失败: Cannot connect to host api.backpack.exchange:443 ssl:default [Connection reset by peer]
2026-01-01 21:54:40,960 - ExchangeAdapter.backpack - ERROR - error:116 - 获取订单簿失败 BTC_USDC_PERP: Cannot connect to host api.backpack.exchange:443 ssl:default [Connection reset by peer]
2026-01-01 21:54:41,322 - ExchangeAdapter.backpack - ERROR - error:116 - 取消所有订单失败: Cannot connect to host api.backpack.exchange:443 ssl:default [Connection reset by peer]
2026-01-01 21:54:41,333 - ExchangeAdapter.backpack - ERROR - error:116 - Traceback (most recent call last):
  File "/Users/lichenglin/PycharmProjects/PythonProject/crypto-trading-open/env/lib/python3.9/site-packages/aiohttp/connector.py", line 992, in _wrap_create_connection
    return await self._loop.create_connection(*args, **kwargs)
  File "/usr/local/Cellar/python@3.9/3.9.12/Frameworks/Python.framework/Versions/3.9/lib/python3.9/asyncio/base_events.py", line 1090, in create_connection
    transport, protocol = await self._create_connection_transport(
  File "/usr/local/Cellar/python@3.9/3.9.12/Frameworks/Python.framework/Versions/3.9/lib/python3.9/asyncio/base_events.py", line 1120, in _create_connection_transport
    await waiter
  File "/usr/local/Cellar/python@3.9/3.9.12/Frameworks/Python.framework/Versions/3.9/lib/python3.9/asyncio/selector_events.py", line 853, in _read_ready__data_received
    data = self._sock.recv(self.max_size)
ConnectionResetError: [Errno 54] Connection reset by peer

The above exception was the direct cause of the following exception:

Traceback (most recent call last):
  File "/Users/lichenglin/PycharmProjects/PythonProject/crypto-trading-open/core/adapters/exchanges/adapters/backpack_rest.py", line 1595, in cancel_all_orders
    response = await self._make_authenticated_request("DELETE", "/api/v1/orders", data=data)
  File "/Users/lichenglin/PycharmProjects/PythonProject/crypto-trading-open/core/adapters/exchanges/adapters/backpack_rest.py", line 387, in _make_authenticated_request
    async with self.session.request(
  File "/Users/lichenglin/PycharmProjects/PythonProject/crypto-trading-open/env/lib/python3.9/site-packages/aiohttp/client.py", line 1187, in __aenter__
    self._resp = await self._coro
  File "/Users/lichenglin/PycharmProjects/PythonProject/crypto-trading-open/env/lib/python3.9/site-packages/aiohttp/client.py", line 574, in _request
    conn = await self._connector.connect(
  File "/Users/lichenglin/PycharmProjects/PythonProject/crypto-trading-open/env/lib/python3.9/site-packages/aiohttp/connector.py", line 544, in connect
    proto = await self._create_connection(req, traces, timeout)
  File "/Users/lichenglin/PycharmProjects/PythonProject/crypto-trading-open/env/lib/python3.9/site-packages/aiohttp/connector.py", line 911, in _create_connection
    _, proto = await self._create_direct_connection(req, traces, timeout)
  File "/Users/lichenglin/PycharmProjects/PythonProject/crypto-trading-open/env/lib/python3.9/site-packages/aiohttp/connector.py", line 1235, in _create_direct_connection
    raise last_exc
  File "/Users/lichenglin/PycharmProjects/PythonProject/crypto-trading-open/env/lib/python3.9/site-packages/aiohttp/connector.py", line 1204, in _create_direct_connection
    transp, proto = await self._wrap_create_connection(
  File "/Users/lichenglin/PycharmProjects/PythonProject/crypto-trading-open/env/lib/python3.9/site-packages/aiohttp/connector.py", line 1000, in _wrap_create_connection
    raise client_error(req.connection_key, exc) from exc
aiohttp.client_exceptions.ClientConnectorError: Cannot connect to host api.backpack.exchange:443 ssl:default [Connection reset by peer]

2026-01-01 21:54:42,663 - ExchangeAdapter.backpack - ERROR - error:116 - 取消所有订单失败: Cannot connect to host api.backpack.exchange:443 ssl:default [Connection reset by peer]
2026-01-01 21:54:42,664 - ExchangeAdapter.backpack - ERROR - error:116 - Traceback (most recent call last):
  File "/Users/lichenglin/PycharmProjects/PythonProject/crypto-trading-open/env/lib/python3.9/site-packages/aiohttp/connector.py", line 992, in _wrap_create_connection
    return await self._loop.create_connection(*args, **kwargs)
  File "/usr/local/Cellar/python@3.9/3.9.12/Frameworks/Python.framework/Versions/3.9/lib/python3.9/asyncio/base_events.py", line 1090, in create_connection
    transport, protocol = await self._create_connection_transport(
  File "/usr/local/Cellar/python@3.9/3.9.12/Frameworks/Python.framework/Versions/3.9/lib/python3.9/asyncio/base_events.py", line 1120, in _create_connection_transport
    await waiter
  File "/usr/local/Cellar/python@3.9/3.9.12/Frameworks/Python.framework/Versions/3.9/lib/python3.9/asyncio/selector_events.py", line 853, in _read_ready__data_received
    data = self._sock.recv(self.max_size)
ConnectionResetError: [Errno 54] Connection reset by peer

The above exception was the direct cause of the following exception:

Traceback (most recent call last):
  File "/Users/lichenglin/PycharmProjects/PythonProject/crypto-trading-open/core/adapters/exchanges/adapters/backpack_rest.py", line 1595, in cancel_all_orders
    response = await self._make_authenticated_request("DELETE", "/api/v1/orders", data=data)
  File "/Users/lichenglin/PycharmProjects/PythonProject/crypto-trading-open/core/adapters/exchanges/adapters/backpack_rest.py", line 387, in _make_authenticated_request
    async with self.session.request(
  File "/Users/lichenglin/PycharmProjects/PythonProject/crypto-trading-open/env/lib/python3.9/site-packages/aiohttp/client.py", line 1187, in __aenter__
    self._resp = await self._coro
  File "/Users/lichenglin/PycharmProjects/PythonProject/crypto-trading-open/env/lib/python3.9/site-packages/aiohttp/client.py", line 574, in _request
    conn = await self._connector.connect(
  File "/Users/lichenglin/PycharmProjects/PythonProject/crypto-trading-open/env/lib/python3.9/site-packages/aiohttp/connector.py", line 544, in connect
    proto = await self._create_connection(req, traces, timeout)
  File "/Users/lichenglin/PycharmProjects/PythonProject/crypto-trading-open/env/lib/python3.9/site-packages/aiohttp/connector.py", line 911, in _create_connection
    _, proto = await self._create_direct_connection(req, traces, timeout)
  File "/Users/lichenglin/PycharmProjects/PythonProject/crypto-trading-open/env/lib/python3.9/site-packages/aiohttp/connector.py", line 1235, in _create_direct_connection
    raise last_exc
  File "/Users/lichenglin/PycharmProjects/PythonProject/crypto-trading-open/env/lib/python3.9/site-packages/aiohttp/connector.py", line 1204, in _create_direct_connection
    transp, proto = await self._wrap_create_connection(
  File "/Users/lichenglin/PycharmProjects/PythonProject/crypto-trading-open/env/lib/python3.9/site-packages/aiohttp/connector.py", line 1000, in _wrap_create_connection
    raise client_error(req.connection_key, exc) from exc
aiohttp.client_exceptions.ClientConnectorError: Cannot connect to host api.backpack.exchange:443 ssl:default [Connection reset by peer]

2026-01-01 21:54:42,666 - ExchangeAdapter.backpack - INFO - info:102 - 正在断开交易所连接...
2026-01-01 21:54:42,666 - ExchangeAdapter.backpack - INFO - disconnect:303 - 🔄 开始断开Backpack WebSocket连接...
2026-01-01 21:54:42,666 - ExchangeAdapter.backpack - INFO - disconnect:336 - 🛑 关闭Backpack session...
2026-01-01 21:54:42,667 - ExchangeAdapter.backpack - INFO - disconnect:343 - ✅ Backpack session已关闭
2026-01-01 21:54:42,667 - ExchangeAdapter.backpack - INFO - disconnect:352 - 🎉 Backpack WebSocket连接断开完成
2026-01-01 21:54:42,668 - ExchangeAdapter.backpack - INFO - info:102 - Backpack REST会话已关闭
2026-01-01 21:54:42,668 - ExchangeAdapter.backpack - INFO - info:102 - Backpack适配器已断开连接
2026-01-01 21:54:42,669 - ExchangeAdapter.backpack - INFO - info:102 - 交易所连接已断开
2026-01-01 21:54:42,669 - ExchangeAdapter.backpack - INFO - info:102 - 交易所适配器已停止: backpack
2026-01-01 21:58:53,005 - ExchangeAdapter.backpack - INFO - info:102 - 初始化交易所适配器: Backpack
2026-01-01 21:58:53,005 - ExchangeAdapter.backpack - INFO - info:102 - ✅ [Backpack] 已注册订单缓存回调，当前回调数量: 1
2026-01-01 21:58:53,034 - ExchangeAdapter.backpack - INFO - info:102 - [Backpack] 订阅管理器: 初始化成功 (模式: dynamic)
2026-01-01 21:58:53,034 - ExchangeAdapter.backpack - INFO - info:102 - 正在连接到交易所...
2026-01-01 21:58:53,035 - ExchangeAdapter.backpack - INFO - info:102 - 测试Backpack API连接并获取市场数据...
2026-01-01 21:58:58,248 - ExchangeAdapter.backpack - ERROR - error:116 - Backpack连接异常: ClientConnectorError: Cannot connect to host api.backpack.exchange:443 ssl:default [Connection reset by peer]
2026-01-01 21:58:58,249 - ExchangeAdapter.backpack - ERROR - error:116 - REST API连接失败
2026-01-01 21:58:58,250 - ExchangeAdapter.backpack - ERROR - error:116 - 交易所连接失败
2026-01-01 21:58:58,658 - ExchangeAdapter.backpack - ERROR - error:116 - 获取开放订单失败: Cannot connect to host api.backpack.exchange:443 ssl:default [Connection reset by peer]
2026-01-01 21:58:59,079 - ExchangeAdapter.backpack - ERROR - error:116 - 获取持仓失败: Cannot connect to host api.backpack.exchange:443 ssl:default [Connection reset by peer]
2026-01-01 21:58:59,082 - ExchangeAdapter.backpack - INFO - info:102 - 正在连接到交易所...
2026-01-01 21:58:59,083 - ExchangeAdapter.backpack - INFO - info:102 - 测试Backpack API连接并获取市场数据...
2026-01-01 21:58:59,369 - ExchangeAdapter.backpack - ERROR - error:116 - Backpack连接异常: ClientConnectorError: Cannot connect to host api.backpack.exchange:443 ssl:default [Connection reset by peer]
2026-01-01 21:58:59,370 - ExchangeAdapter.backpack - ERROR - error:116 - REST API连接失败
2026-01-01 21:58:59,371 - ExchangeAdapter.backpack - ERROR - error:116 - 交易所连接失败
2026-01-01 21:58:59,372 - ExchangeAdapter.backpack - INFO - connect:244 - 🔌 [Backpack] 开始建立WebSocket连接...
2026-01-01 21:59:48,341 - ExchangeAdapter.backpack - ERROR - error:116 - 取消所有订单失败: Cannot connect to host api.backpack.exchange:443 ssl:default [Connection reset by peer]
2026-01-01 21:59:48,355 - ExchangeAdapter.backpack - ERROR - error:116 - Traceback (most recent call last):
  File "/usr/local/Cellar/python@3.9/3.9.12/Frameworks/Python.framework/Versions/3.9/lib/python3.9/asyncio/runners.py", line 44, in run
    return loop.run_until_complete(main)
  File "/usr/local/Cellar/python@3.9/3.9.12/Frameworks/Python.framework/Versions/3.9/lib/python3.9/asyncio/base_events.py", line 634, in run_until_complete
    self.run_forever()
  File "/usr/local/Cellar/python@3.9/3.9.12/Frameworks/Python.framework/Versions/3.9/lib/python3.9/asyncio/base_events.py", line 601, in run_forever
    self._run_once()
  File "/usr/local/Cellar/python@3.9/3.9.12/Frameworks/Python.framework/Versions/3.9/lib/python3.9/asyncio/base_events.py", line 1869, in _run_once
    event_list = self._selector.select(timeout)
  File "/usr/local/Cellar/python@3.9/3.9.12/Frameworks/Python.framework/Versions/3.9/lib/python3.9/selectors.py", line 562, in select
    kev_list = self._selector.control(None, max_ev, timeout)
KeyboardInterrupt

During handling of the above exception, another exception occurred:

Traceback (most recent call last):
  File "/Users/lichenglin/PycharmProjects/PythonProject/crypto-trading-open/env/lib/python3.9/site-packages/aiohttp/connector.py", line 992, in _wrap_create_connection
    return await self._loop.create_connection(*args, **kwargs)
  File "/usr/local/Cellar/python@3.9/3.9.12/Frameworks/Python.framework/Versions/3.9/lib/python3.9/asyncio/base_events.py", line 1090, in create_connection
    transport, protocol = await self._create_connection_transport(
  File "/usr/local/Cellar/python@3.9/3.9.12/Frameworks/Python.framework/Versions/3.9/lib/python3.9/asyncio/base_events.py", line 1120, in _create_connection_transport
    await waiter
  File "/usr/local/Cellar/python@3.9/3.9.12/Frameworks/Python.framework/Versions/3.9/lib/python3.9/asyncio/selector_events.py", line 853, in _read_ready__data_received
    data = self._sock.recv(self.max_size)
ConnectionResetError: [Errno 54] Connection reset by peer

The above exception was the direct cause of the following exception:

Traceback (most recent call last):
  File "/Users/lichenglin/PycharmProjects/PythonProject/crypto-trading-open/core/adapters/exchanges/adapters/backpack_rest.py", line 1595, in cancel_all_orders
    response = await self._make_authenticated_request("DELETE", "/api/v1/orders", data=data)
  File "/Users/lichenglin/PycharmProjects/PythonProject/crypto-trading-open/core/adapters/exchanges/adapters/backpack_rest.py", line 387, in _make_authenticated_request
    async with self.session.request(
  File "/Users/lichenglin/PycharmProjects/PythonProject/crypto-trading-open/env/lib/python3.9/site-packages/aiohttp/client.py", line 1187, in __aenter__
    self._resp = await self._coro
  File "/Users/lichenglin/PycharmProjects/PythonProject/crypto-trading-open/env/lib/python3.9/site-packages/aiohttp/client.py", line 574, in _request
    conn = await self._connector.connect(
  File "/Users/lichenglin/PycharmProjects/PythonProject/crypto-trading-open/env/lib/python3.9/site-packages/aiohttp/connector.py", line 544, in connect
    proto = await self._create_connection(req, traces, timeout)
  File "/Users/lichenglin/PycharmProjects/PythonProject/crypto-trading-open/env/lib/python3.9/site-packages/aiohttp/connector.py", line 911, in _create_connection
    _, proto = await self._create_direct_connection(req, traces, timeout)
  File "/Users/lichenglin/PycharmProjects/PythonProject/crypto-trading-open/env/lib/python3.9/site-packages/aiohttp/connector.py", line 1235, in _create_direct_connection
    raise last_exc
  File "/Users/lichenglin/PycharmProjects/PythonProject/crypto-trading-open/env/lib/python3.9/site-packages/aiohttp/connector.py", line 1204, in _create_direct_connection
    transp, proto = await self._wrap_create_connection(
  File "/Users/lichenglin/PycharmProjects/PythonProject/crypto-trading-open/env/lib/python3.9/site-packages/aiohttp/connector.py", line 1000, in _wrap_create_connection
    raise client_error(req.connection_key, exc) from exc
aiohttp.client_exceptions.ClientConnectorError: Cannot connect to host api.backpack.exchange:443 ssl:default [Connection reset by peer]

2026-01-01 21:59:49,596 - ExchangeAdapter.backpack - ERROR - error:116 - 取消所有订单失败: Cannot connect to host api.backpack.exchange:443 ssl:default [Connection reset by peer]
2026-01-01 21:59:49,598 - ExchangeAdapter.backpack - ERROR - error:116 - Traceback (most recent call last):
  File "/usr/local/Cellar/python@3.9/3.9.12/Frameworks/Python.framework/Versions/3.9/lib/python3.9/asyncio/runners.py", line 44, in run
    return loop.run_until_complete(main)
  File "/usr/local/Cellar/python@3.9/3.9.12/Frameworks/Python.framework/Versions/3.9/lib/python3.9/asyncio/base_events.py", line 634, in run_until_complete
    self.run_forever()
  File "/usr/local/Cellar/python@3.9/3.9.12/Frameworks/Python.framework/Versions/3.9/lib/python3.9/asyncio/base_events.py", line 601, in run_forever
    self._run_once()
  File "/usr/local/Cellar/python@3.9/3.9.12/Frameworks/Python.framework/Versions/3.9/lib/python3.9/asyncio/base_events.py", line 1869, in _run_once
    event_list = self._selector.select(timeout)
  File "/usr/local/Cellar/python@3.9/3.9.12/Frameworks/Python.framework/Versions/3.9/lib/python3.9/selectors.py", line 562, in select
    kev_list = self._selector.control(None, max_ev, timeout)
KeyboardInterrupt

During handling of the above exception, another exception occurred:

Traceback (most recent call last):
  File "/Users/lichenglin/PycharmProjects/PythonProject/crypto-trading-open/env/lib/python3.9/site-packages/aiohttp/connector.py", line 992, in _wrap_create_connection
    return await self._loop.create_connection(*args, **kwargs)
  File "/usr/local/Cellar/python@3.9/3.9.12/Frameworks/Python.framework/Versions/3.9/lib/python3.9/asyncio/base_events.py", line 1090, in create_connection
    transport, protocol = await self._create_connection_transport(
  File "/usr/local/Cellar/python@3.9/3.9.12/Frameworks/Python.framework/Versions/3.9/lib/python3.9/asyncio/base_events.py", line 1120, in _create_connection_transport
    await waiter
  File "/usr/local/Cellar/python@3.9/3.9.12/Frameworks/Python.framework/Versions/3.9/lib/python3.9/asyncio/selector_events.py", line 853, in _read_ready__data_received
    data = self._sock.recv(self.max_size)
ConnectionResetError: [Errno 54] Connection reset by peer

The above exception was the direct cause of the following exception:

Traceback (most recent call last):
  File "/Users/lichenglin/PycharmProjects/PythonProject/crypto-trading-open/core/adapters/exchanges/adapters/backpack_rest.py", line 1595, in cancel_all_orders
    response = await self._make_authenticated_request("DELETE", "/api/v1/orders", data=data)
  File "/Users/lichenglin/PycharmProjects/PythonProject/crypto-trading-open/core/adapters/exchanges/adapters/backpack_rest.py", line 387, in _make_authenticated_request
    async with self.session.request(
  File "/Users/lichenglin/PycharmProjects/PythonProject/crypto-trading-open/env/lib/python3.9/site-packages/aiohttp/client.py", line 1187, in __aenter__
    self._resp = await self._coro
  File "/Users/lichenglin/PycharmProjects/PythonProject/crypto-trading-open/env/lib/python3.9/site-packages/aiohttp/client.py", line 574, in _request
    conn = await self._connector.connect(
  File "/Users/lichenglin/PycharmProjects/PythonProject/crypto-trading-open/env/lib/python3.9/site-packages/aiohttp/connector.py", line 544, in connect
    proto = await self._create_connection(req, traces, timeout)
  File "/Users/lichenglin/PycharmProjects/PythonProject/crypto-trading-open/env/lib/python3.9/site-packages/aiohttp/connector.py", line 911, in _create_connection
    _, proto = await self._create_direct_connection(req, traces, timeout)
  File "/Users/lichenglin/PycharmProjects/PythonProject/crypto-trading-open/env/lib/python3.9/site-packages/aiohttp/connector.py", line 1235, in _create_direct_connection
    raise last_exc
  File "/Users/lichenglin/PycharmProjects/PythonProject/crypto-trading-open/env/lib/python3.9/site-packages/aiohttp/connector.py", line 1204, in _create_direct_connection
    transp, proto = await self._wrap_create_connection(
  File "/Users/lichenglin/PycharmProjects/PythonProject/crypto-trading-open/env/lib/python3.9/site-packages/aiohttp/connector.py", line 1000, in _wrap_create_connection
    raise client_error(req.connection_key, exc) from exc
aiohttp.client_exceptions.ClientConnectorError: Cannot connect to host api.backpack.exchange:443 ssl:default [Connection reset by peer]

2026-01-01 21:59:49,599 - ExchangeAdapter.backpack - INFO - info:102 - 正在断开交易所连接...
2026-01-01 21:59:49,599 - ExchangeAdapter.backpack - INFO - disconnect:303 - 🔄 开始断开Backpack WebSocket连接...
2026-01-01 21:59:49,600 - ExchangeAdapter.backpack - INFO - disconnect:336 - 🛑 关闭Backpack session...
2026-01-01 21:59:49,600 - ExchangeAdapter.backpack - INFO - disconnect:343 - ✅ Backpack session已关闭
2026-01-01 21:59:49,601 - ExchangeAdapter.backpack - INFO - disconnect:352 - 🎉 Backpack WebSocket连接断开完成
2026-01-01 21:59:49,601 - ExchangeAdapter.backpack - INFO - info:102 - Backpack REST会话已关闭
2026-01-01 21:59:49,601 - ExchangeAdapter.backpack - INFO - info:102 - Backpack适配器已断开连接
2026-01-01 21:59:49,602 - ExchangeAdapter.backpack - INFO - info:102 - 交易所连接已断开
2026-01-01 21:59:49,602 - ExchangeAdapter.backpack - INFO - info:102 - 交易所适配器已停止: backpack
2026-01-01 22:08:21,978 - ExchangeAdapter.backpack - INFO - info:102 - 初始化交易所适配器: Backpack
2026-01-01 22:08:21,978 - ExchangeAdapter.backpack - INFO - info:102 - ✅ [Backpack] 已注册订单缓存回调，当前回调数量: 1
2026-01-01 22:08:22,008 - ExchangeAdapter.backpack - INFO - info:102 - [Backpack] 订阅管理器: 初始化成功 (模式: dynamic)
2026-01-01 22:08:22,008 - ExchangeAdapter.backpack - INFO - info:102 - 正在连接到交易所...
2026-01-01 22:08:22,008 - ExchangeAdapter.backpack - INFO - info:102 - 测试Backpack API连接并获取市场数据...
2026-01-01 22:08:23,542 - ExchangeAdapter.backpack - ERROR - error:116 - Backpack连接异常: ClientConnectorError: Cannot connect to host api.backpack.exchange:443 ssl:default [Connection reset by peer]
2026-01-01 22:08:23,544 - ExchangeAdapter.backpack - ERROR - error:116 - REST API连接失败
2026-01-01 22:08:23,544 - ExchangeAdapter.backpack - ERROR - error:116 - 交易所连接失败
2026-01-01 22:08:25,910 - ExchangeAdapter.backpack - ERROR - error:116 - 获取开放订单失败: Cannot connect to host api.backpack.exchange:443 ssl:default [Connection reset by peer]
2026-01-01 22:08:26,180 - ExchangeAdapter.backpack - ERROR - error:116 - 获取持仓失败: Cannot connect to host api.backpack.exchange:443 ssl:default [Connection reset by peer]
2026-01-01 22:08:26,184 - ExchangeAdapter.backpack - INFO - info:102 - 正在连接到交易所...
2026-01-01 22:08:26,185 - ExchangeAdapter.backpack - INFO - info:102 - 测试Backpack API连接并获取市场数据...
2026-01-01 22:08:26,483 - ExchangeAdapter.backpack - ERROR - error:116 - Backpack连接异常: ClientConnectorError: Cannot connect to host api.backpack.exchange:443 ssl:default [Connection reset by peer]
2026-01-01 22:08:26,484 - ExchangeAdapter.backpack - ERROR - error:116 - REST API连接失败
2026-01-01 22:08:26,484 - ExchangeAdapter.backpack - ERROR - error:116 - 交易所连接失败
2026-01-01 22:08:26,485 - ExchangeAdapter.backpack - INFO - connect:244 - 🔌 [Backpack] 开始建立WebSocket连接...
2026-01-01 22:09:44,832 - ExchangeAdapter.backpack - ERROR - connect:296 - ❌ [Backpack] 建立WebSocket连接失败: Cannot connect to host ws.backpack.exchange:443 ssl:default [Connect call failed ('35.78.49.145', 443)]
2026-01-01 22:09:44,836 - ExchangeAdapter.backpack - INFO - subscribe_user_data:2012 - 订阅订单更新流: account.orderUpdate (timestamp=1767276584835)
2026-01-01 22:09:44,836 - ExchangeAdapter.backpack - WARNING - _safe_send_message:229 - ⚠️ WebSocket连接不可用，无法发送消息
2026-01-01 22:09:44,837 - ExchangeAdapter.backpack - WARNING - subscribe_user_data:2022 - 发送订单更新订阅消息失败
2026-01-01 22:09:44,838 - ExchangeAdapter.backpack - INFO - subscribe_user_data:2037 - 订阅持仓更新流: account.positionUpdate (timestamp=1767276584837)
2026-01-01 22:09:44,838 - ExchangeAdapter.backpack - WARNING - _safe_send_message:229 - ⚠️ WebSocket连接不可用，无法发送消息
2026-01-01 22:09:44,839 - ExchangeAdapter.backpack - WARNING - subscribe_user_data:2047 - 发送持仓更新订阅消息失败
2026-01-01 22:09:44,841 - ExchangeAdapter.backpack - INFO - connect:244 - 🔌 [Backpack] 开始建立WebSocket连接...
2026-01-01 22:11:00,141 - ExchangeAdapter.backpack - ERROR - connect:296 - ❌ [Backpack] 建立WebSocket连接失败: Cannot connect to host ws.backpack.exchange:443 ssl:default [Connect call failed ('35.78.49.145', 443)]
2026-01-01 22:11:00,142 - ExchangeAdapter.backpack - WARNING - _safe_send_message:229 - ⚠️ WebSocket连接不可用，无法发送消息
2026-01-01 22:11:00,142 - ExchangeAdapter.backpack - WARNING - subscribe_ticker:1850 - 发送 BTC_USDC_PERP 订阅消息失败
2026-01-01 22:11:00,712 - ExchangeAdapter.backpack - ERROR - error:116 - 获取行情失败 BTC_USDC_PERP: Cannot connect to host api.backpack.exchange:443 ssl:default [Connection reset by peer]
2026-01-01 22:11:03,066 - ExchangeAdapter.backpack - ERROR - error:116 - 获取 BTC_USDC_PERP 订单簿快照失败: Cannot connect to host api.backpack.exchange:443 ssl:default [Connection reset by peer]
2026-01-01 22:11:03,067 - ExchangeAdapter.backpack - ERROR - error:116 - 获取订单簿失败 BTC_USDC_PERP: Cannot connect to host api.backpack.exchange:443 ssl:default [Connection reset by peer]
2026-01-01 22:11:04,357 - ExchangeAdapter.backpack - ERROR - error:116 - 获取持仓失败: Cannot connect to host api.backpack.exchange:443 ssl:default [Connection reset by peer]
2026-01-01 22:11:10,732 - ExchangeAdapter.backpack - ERROR - error:116 - 获取持仓失败: Cannot connect to host api.backpack.exchange:443 ssl:default [Connection reset by peer]
2026-01-01 22:11:11,049 - ExchangeAdapter.backpack - ERROR - error:116 - ❌ [Backpack] 余额查询失败: Cannot connect to host api.backpack.exchange:443 ssl:default [Connection reset by peer]
Traceback (most recent call last):
  File "/Users/lichenglin/PycharmProjects/PythonProject/crypto-trading-open/env/lib/python3.9/site-packages/aiohttp/connector.py", line 992, in _wrap_create_connection
    return await self._loop.create_connection(*args, **kwargs)
  File "/usr/local/Cellar/python@3.9/3.9.12/Frameworks/Python.framework/Versions/3.9/lib/python3.9/asyncio/base_events.py", line 1090, in create_connection
    transport, protocol = await self._create_connection_transport(
  File "/usr/local/Cellar/python@3.9/3.9.12/Frameworks/Python.framework/Versions/3.9/lib/python3.9/asyncio/base_events.py", line 1120, in _create_connection_transport
    await waiter
  File "/usr/local/Cellar/python@3.9/3.9.12/Frameworks/Python.framework/Versions/3.9/lib/python3.9/asyncio/selector_events.py", line 853, in _read_ready__data_received
    data = self._sock.recv(self.max_size)
ConnectionResetError: [Errno 54] Connection reset by peer

The above exception was the direct cause of the following exception:

Traceback (most recent call last):
  File "/Users/lichenglin/PycharmProjects/PythonProject/crypto-trading-open/core/adapters/exchanges/adapters/backpack_rest.py", line 1036, in get_balances
    data = await self._make_authenticated_request("GET", "/api/v1/capital/collateral")
  File "/Users/lichenglin/PycharmProjects/PythonProject/crypto-trading-open/core/adapters/exchanges/adapters/backpack_rest.py", line 387, in _make_authenticated_request
    async with self.session.request(
  File "/Users/lichenglin/PycharmProjects/PythonProject/crypto-trading-open/env/lib/python3.9/site-packages/aiohttp/client.py", line 1187, in __aenter__
    self._resp = await self._coro
  File "/Users/lichenglin/PycharmProjects/PythonProject/crypto-trading-open/env/lib/python3.9/site-packages/aiohttp/client.py", line 574, in _request
    conn = await self._connector.connect(
  File "/Users/lichenglin/PycharmProjects/PythonProject/crypto-trading-open/env/lib/python3.9/site-packages/aiohttp/connector.py", line 544, in connect
    proto = await self._create_connection(req, traces, timeout)
  File "/Users/lichenglin/PycharmProjects/PythonProject/crypto-trading-open/env/lib/python3.9/site-packages/aiohttp/connector.py", line 911, in _create_connection
    _, proto = await self._create_direct_connection(req, traces, timeout)
  File "/Users/lichenglin/PycharmProjects/PythonProject/crypto-trading-open/env/lib/python3.9/site-packages/aiohttp/connector.py", line 1235, in _create_direct_connection
    raise last_exc
  File "/Users/lichenglin/PycharmProjects/PythonProject/crypto-trading-open/env/lib/python3.9/site-packages/aiohttp/connector.py", line 1204, in _create_direct_connection
    transp, proto = await self._wrap_create_connection(
  File "/Users/lichenglin/PycharmProjects/PythonProject/crypto-trading-open/env/lib/python3.9/site-packages/aiohttp/connector.py", line 1000, in _wrap_create_connection
    raise client_error(req.connection_key, exc) from exc
aiohttp.client_exceptions.ClientConnectorError: Cannot connect to host api.backpack.exchange:443 ssl:default [Connection reset by peer]
2026-01-01 22:11:30,450 - ExchangeAdapter.backpack - ERROR - error:116 - 获取行情失败 BTC_USDC_PERP: Cannot connect to host api.backpack.exchange:443 ssl:default [Connection reset by peer]
2026-01-01 22:11:30,842 - ExchangeAdapter.backpack - ERROR - error:116 - 获取 BTC_USDC_PERP 订单簿快照失败: Cannot connect to host api.backpack.exchange:443 ssl:default [Connection reset by peer]
2026-01-01 22:11:30,843 - ExchangeAdapter.backpack - ERROR - error:116 - 获取订单簿失败 BTC_USDC_PERP: Cannot connect to host api.backpack.exchange:443 ssl:default [Connection reset by peer]
2026-01-01 22:12:01,130 - ExchangeAdapter.backpack - ERROR - error:116 - 获取行情失败 BTC_USDC_PERP: Cannot connect to host api.backpack.exchange:443 ssl:default [Connection reset by peer]
2026-01-01 22:12:01,508 - ExchangeAdapter.backpack - ERROR - error:116 - 获取 BTC_USDC_PERP 订单簿快照失败: Cannot connect to host api.backpack.exchange:443 ssl:default [Connection reset by peer]
2026-01-01 22:12:01,510 - ExchangeAdapter.backpack - ERROR - error:116 - 获取订单簿失败 BTC_USDC_PERP: Cannot connect to host api.backpack.exchange:443 ssl:default [Connection reset by peer]
2026-01-01 22:12:04,702 - ExchangeAdapter.backpack - ERROR - error:116 - 获取持仓失败: Cannot connect to host api.backpack.exchange:443 ssl:default [Connection reset by peer]
2026-01-01 22:12:10,605 - ExchangeAdapter.backpack - ERROR - error:116 - 获取持仓失败: Cannot connect to host api.backpack.exchange:443 ssl:default [Connection reset by peer]
2026-01-01 22:12:10,714 - ExchangeAdapter.backpack - ERROR - error:116 - 获取开放订单失败: Cannot connect to host api.backpack.exchange:443 ssl:default [Connection reset by peer]
2026-01-01 22:12:11,275 - ExchangeAdapter.backpack - ERROR - error:116 - ❌ [Backpack] 余额查询失败: Cannot connect to host api.backpack.exchange:443 ssl:default [Connection reset by peer]
Traceback (most recent call last):
  File "/Users/lichenglin/PycharmProjects/PythonProject/crypto-trading-open/env/lib/python3.9/site-packages/aiohttp/connector.py", line 992, in _wrap_create_connection
    return await self._loop.create_connection(*args, **kwargs)
  File "/usr/local/Cellar/python@3.9/3.9.12/Frameworks/Python.framework/Versions/3.9/lib/python3.9/asyncio/base_events.py", line 1090, in create_connection
    transport, protocol = await self._create_connection_transport(
  File "/usr/local/Cellar/python@3.9/3.9.12/Frameworks/Python.framework/Versions/3.9/lib/python3.9/asyncio/base_events.py", line 1120, in _create_connection_transport
    await waiter
  File "/usr/local/Cellar/python@3.9/3.9.12/Frameworks/Python.framework/Versions/3.9/lib/python3.9/asyncio/selector_events.py", line 853, in _read_ready__data_received
    data = self._sock.recv(self.max_size)
ConnectionResetError: [Errno 54] Connection reset by peer

The above exception was the direct cause of the following exception:

Traceback (most recent call last):
  File "/Users/lichenglin/PycharmProjects/PythonProject/crypto-trading-open/core/adapters/exchanges/adapters/backpack_rest.py", line 1036, in get_balances
    data = await self._make_authenticated_request("GET", "/api/v1/capital/collateral")
  File "/Users/lichenglin/PycharmProjects/PythonProject/crypto-trading-open/core/adapters/exchanges/adapters/backpack_rest.py", line 387, in _make_authenticated_request
    async with self.session.request(
  File "/Users/lichenglin/PycharmProjects/PythonProject/crypto-trading-open/env/lib/python3.9/site-packages/aiohttp/client.py", line 1187, in __aenter__
    self._resp = await self._coro
  File "/Users/lichenglin/PycharmProjects/PythonProject/crypto-trading-open/env/lib/python3.9/site-packages/aiohttp/client.py", line 574, in _request
    conn = await self._connector.connect(
  File "/Users/lichenglin/PycharmProjects/PythonProject/crypto-trading-open/env/lib/python3.9/site-packages/aiohttp/connector.py", line 544, in connect
    proto = await self._create_connection(req, traces, timeout)
  File "/Users/lichenglin/PycharmProjects/PythonProject/crypto-trading-open/env/lib/python3.9/site-packages/aiohttp/connector.py", line 911, in _create_connection
    _, proto = await self._create_direct_connection(req, traces, timeout)
  File "/Users/lichenglin/PycharmProjects/PythonProject/crypto-trading-open/env/lib/python3.9/site-packages/aiohttp/connector.py", line 1235, in _create_direct_connection
    raise last_exc
  File "/Users/lichenglin/PycharmProjects/PythonProject/crypto-trading-open/env/lib/python3.9/site-packages/aiohttp/connector.py", line 1204, in _create_direct_connection
    transp, proto = await self._wrap_create_connection(
  File "/Users/lichenglin/PycharmProjects/PythonProject/crypto-trading-open/env/lib/python3.9/site-packages/aiohttp/connector.py", line 1000, in _wrap_create_connection
    raise client_error(req.connection_key, exc) from exc
aiohttp.client_exceptions.ClientConnectorError: Cannot connect to host api.backpack.exchange:443 ssl:default [Connection reset by peer]
2026-01-01 22:12:11,396 - ExchangeAdapter.backpack - ERROR - error:116 - 获取持仓失败: Cannot connect to host api.backpack.exchange:443 ssl:default [Connection reset by peer]
2026-01-01 22:12:11,478 - ExchangeAdapter.backpack - ERROR - error:116 - 获取开放订单失败: Cannot connect to host api.backpack.exchange:443 ssl:default [Connection reset by peer]
2026-01-01 22:12:12,205 - ExchangeAdapter.backpack - ERROR - error:116 - 获取开放订单失败: Cannot connect to host api.backpack.exchange:443 ssl:default [Connection reset by peer]
2026-01-01 22:12:13,297 - ExchangeAdapter.backpack - ERROR - error:116 - 获取持仓失败: Cannot connect to host api.backpack.exchange:443 ssl:default [Connection reset by peer]
2026-01-01 22:12:31,958 - ExchangeAdapter.backpack - ERROR - error:116 - 获取行情失败 BTC_USDC_PERP: Cannot connect to host api.backpack.exchange:443 ssl:default [Connection reset by peer]
2026-01-01 22:12:33,264 - ExchangeAdapter.backpack - ERROR - error:116 - 获取 BTC_USDC_PERP 订单簿快照失败: Cannot connect to host api.backpack.exchange:443 ssl:default [Connection reset by peer]
2026-01-01 22:12:33,264 - ExchangeAdapter.backpack - ERROR - error:116 - 获取订单簿失败 BTC_USDC_PERP: Cannot connect to host api.backpack.exchange:443 ssl:default [Connection reset by peer]
2026-01-01 22:13:03,564 - ExchangeAdapter.backpack - ERROR - error:116 - 获取行情失败 BTC_USDC_PERP: Cannot connect to host api.backpack.exchange:443 ssl:default [Connection reset by peer]
2026-01-01 22:13:04,847 - ExchangeAdapter.backpack - ERROR - error:116 - 获取持仓失败: Cannot connect to host api.backpack.exchange:443 ssl:default [Connection reset by peer]
2026-01-01 22:13:04,960 - ExchangeAdapter.backpack - ERROR - error:116 - 获取 BTC_USDC_PERP 订单簿快照失败: Cannot connect to host api.backpack.exchange:443 ssl:default [Connection reset by peer]
2026-01-01 22:13:04,960 - ExchangeAdapter.backpack - ERROR - error:116 - 获取订单簿失败 BTC_USDC_PERP: Cannot connect to host api.backpack.exchange:443 ssl:default [Connection reset by peer]
2026-01-01 22:13:12,519 - ExchangeAdapter.backpack - ERROR - error:116 - ❌ [Backpack] 余额查询失败: Cannot connect to host api.backpack.exchange:443 ssl:default [Connection reset by peer]
Traceback (most recent call last):
  File "/Users/lichenglin/PycharmProjects/PythonProject/crypto-trading-open/env/lib/python3.9/site-packages/aiohttp/connector.py", line 992, in _wrap_create_connection
    return await self._loop.create_connection(*args, **kwargs)
  File "/usr/local/Cellar/python@3.9/3.9.12/Frameworks/Python.framework/Versions/3.9/lib/python3.9/asyncio/base_events.py", line 1090, in create_connection
    transport, protocol = await self._create_connection_transport(
  File "/usr/local/Cellar/python@3.9/3.9.12/Frameworks/Python.framework/Versions/3.9/lib/python3.9/asyncio/base_events.py", line 1120, in _create_connection_transport
    await waiter
  File "/usr/local/Cellar/python@3.9/3.9.12/Frameworks/Python.framework/Versions/3.9/lib/python3.9/asyncio/selector_events.py", line 853, in _read_ready__data_received
    data = self._sock.recv(self.max_size)
ConnectionResetError: [Errno 54] Connection reset by peer

The above exception was the direct cause of the following exception:

Traceback (most recent call last):
  File "/Users/lichenglin/PycharmProjects/PythonProject/crypto-trading-open/core/adapters/exchanges/adapters/backpack_rest.py", line 1036, in get_balances
    data = await self._make_authenticated_request("GET", "/api/v1/capital/collateral")
  File "/Users/lichenglin/PycharmProjects/PythonProject/crypto-trading-open/core/adapters/exchanges/adapters/backpack_rest.py", line 387, in _make_authenticated_request
    async with self.session.request(
  File "/Users/lichenglin/PycharmProjects/PythonProject/crypto-trading-open/env/lib/python3.9/site-packages/aiohttp/client.py", line 1187, in __aenter__
    self._resp = await self._coro
  File "/Users/lichenglin/PycharmProjects/PythonProject/crypto-trading-open/env/lib/python3.9/site-packages/aiohttp/client.py", line 574, in _request
    conn = await self._connector.connect(
  File "/Users/lichenglin/PycharmProjects/PythonProject/crypto-trading-open/env/lib/python3.9/site-packages/aiohttp/connector.py", line 544, in connect
    proto = await self._create_connection(req, traces, timeout)
  File "/Users/lichenglin/PycharmProjects/PythonProject/crypto-trading-open/env/lib/python3.9/site-packages/aiohttp/connector.py", line 911, in _create_connection
    _, proto = await self._create_direct_connection(req, traces, timeout)
  File "/Users/lichenglin/PycharmProjects/PythonProject/crypto-trading-open/env/lib/python3.9/site-packages/aiohttp/connector.py", line 1235, in _create_direct_connection
    raise last_exc
  File "/Users/lichenglin/PycharmProjects/PythonProject/crypto-trading-open/env/lib/python3.9/site-packages/aiohttp/connector.py", line 1204, in _create_direct_connection
    transp, proto = await self._wrap_create_connection(
  File "/Users/lichenglin/PycharmProjects/PythonProject/crypto-trading-open/env/lib/python3.9/site-packages/aiohttp/connector.py", line 1000, in _wrap_create_connection
    raise client_error(req.connection_key, exc) from exc
aiohttp.client_exceptions.ClientConnectorError: Cannot connect to host api.backpack.exchange:443 ssl:default [Connection reset by peer]
2026-01-01 22:13:35,341 - ExchangeAdapter.backpack - ERROR - error:116 - 获取行情失败 BTC_USDC_PERP: Cannot connect to host api.backpack.exchange:443 ssl:default [Connection reset by peer]
2026-01-01 22:13:35,636 - ExchangeAdapter.backpack - ERROR - error:116 - 获取 BTC_USDC_PERP 订单簿快照失败: Cannot connect to host api.backpack.exchange:443 ssl:default [Connection reset by peer]
2026-01-01 22:13:35,636 - ExchangeAdapter.backpack - ERROR - error:116 - 获取订单簿失败 BTC_USDC_PERP: Cannot connect to host api.backpack.exchange:443 ssl:default [Connection reset by peer]
2026-01-01 22:14:05,366 - ExchangeAdapter.backpack - ERROR - error:116 - 获取持仓失败: Cannot connect to host api.backpack.exchange:443 ssl:default [Connection reset by peer]
2026-01-01 22:14:06,030 - ExchangeAdapter.backpack - ERROR - error:116 - 获取行情失败 BTC_USDC_PERP: Cannot connect to host api.backpack.exchange:443 ssl:default [Connection reset by peer]
2026-01-01 22:14:12,755 - ExchangeAdapter.backpack - ERROR - error:116 - ❌ [Backpack] 余额查询失败: Cannot connect to host api.backpack.exchange:443 ssl:default [Connection reset by peer]
Traceback (most recent call last):
  File "/Users/lichenglin/PycharmProjects/PythonProject/crypto-trading-open/env/lib/python3.9/site-packages/aiohttp/connector.py", line 992, in _wrap_create_connection
    return await self._loop.create_connection(*args, **kwargs)
  File "/usr/local/Cellar/python@3.9/3.9.12/Frameworks/Python.framework/Versions/3.9/lib/python3.9/asyncio/base_events.py", line 1090, in create_connection
    transport, protocol = await self._create_connection_transport(
  File "/usr/local/Cellar/python@3.9/3.9.12/Frameworks/Python.framework/Versions/3.9/lib/python3.9/asyncio/base_events.py", line 1120, in _create_connection_transport
    await waiter
  File "/usr/local/Cellar/python@3.9/3.9.12/Frameworks/Python.framework/Versions/3.9/lib/python3.9/asyncio/selector_events.py", line 853, in _read_ready__data_received
    data = self._sock.recv(self.max_size)
ConnectionResetError: [Errno 54] Connection reset by peer

The above exception was the direct cause of the following exception:

Traceback (most recent call last):
  File "/Users/lichenglin/PycharmProjects/PythonProject/crypto-trading-open/core/adapters/exchanges/adapters/backpack_rest.py", line 1036, in get_balances
    data = await self._make_authenticated_request("GET", "/api/v1/capital/collateral")
  File "/Users/lichenglin/PycharmProjects/PythonProject/crypto-trading-open/core/adapters/exchanges/adapters/backpack_rest.py", line 387, in _make_authenticated_request
    async with self.session.request(
  File "/Users/lichenglin/PycharmProjects/PythonProject/crypto-trading-open/env/lib/python3.9/site-packages/aiohttp/client.py", line 1187, in __aenter__
    self._resp = await self._coro
  File "/Users/lichenglin/PycharmProjects/PythonProject/crypto-trading-open/env/lib/python3.9/site-packages/aiohttp/client.py", line 574, in _request
    conn = await self._connector.connect(
  File "/Users/lichenglin/PycharmProjects/PythonProject/crypto-trading-open/env/lib/python3.9/site-packages/aiohttp/connector.py", line 544, in connect
    proto = await self._create_connection(req, traces, timeout)
  File "/Users/lichenglin/PycharmProjects/PythonProject/crypto-trading-open/env/lib/python3.9/site-packages/aiohttp/connector.py", line 911, in _create_connection
    _, proto = await self._create_direct_connection(req, traces, timeout)
  File "/Users/lichenglin/PycharmProjects/PythonProject/crypto-trading-open/env/lib/python3.9/site-packages/aiohttp/connector.py", line 1235, in _create_direct_connection
    raise last_exc
  File "/Users/lichenglin/PycharmProjects/PythonProject/crypto-trading-open/env/lib/python3.9/site-packages/aiohttp/connector.py", line 1204, in _create_direct_connection
    transp, proto = await self._wrap_create_connection(
  File "/Users/lichenglin/PycharmProjects/PythonProject/crypto-trading-open/env/lib/python3.9/site-packages/aiohttp/connector.py", line 1000, in _wrap_create_connection
    raise client_error(req.connection_key, exc) from exc
aiohttp.client_exceptions.ClientConnectorError: Cannot connect to host api.backpack.exchange:443 ssl:default [Connection reset by peer]
2026-01-01 22:14:13,406 - ExchangeAdapter.backpack - ERROR - error:116 - 获取 BTC_USDC_PERP 订单簿快照失败: Cannot connect to host api.backpack.exchange:443 ssl:default [Connection reset by peer]
2026-01-01 22:14:13,407 - ExchangeAdapter.backpack - ERROR - error:116 - 获取订单簿失败 BTC_USDC_PERP: Cannot connect to host api.backpack.exchange:443 ssl:default [Connection reset by peer]
2026-01-01 22:14:29,577 - ExchangeAdapter.backpack - ERROR - error:116 - 取消所有订单失败: Cannot connect to host api.backpack.exchange:443 ssl:default [Connection reset by peer]
2026-01-01 22:14:29,582 - ExchangeAdapter.backpack - ERROR - error:116 - Traceback (most recent call last):
  File "/usr/local/Cellar/python@3.9/3.9.12/Frameworks/Python.framework/Versions/3.9/lib/python3.9/asyncio/runners.py", line 44, in run
    return loop.run_until_complete(main)
  File "/usr/local/Cellar/python@3.9/3.9.12/Frameworks/Python.framework/Versions/3.9/lib/python3.9/asyncio/base_events.py", line 634, in run_until_complete
    self.run_forever()
  File "/usr/local/Cellar/python@3.9/3.9.12/Frameworks/Python.framework/Versions/3.9/lib/python3.9/asyncio/base_events.py", line 601, in run_forever
    self._run_once()
  File "/usr/local/Cellar/python@3.9/3.9.12/Frameworks/Python.framework/Versions/3.9/lib/python3.9/asyncio/base_events.py", line 1869, in _run_once
    event_list = self._selector.select(timeout)
  File "/usr/local/Cellar/python@3.9/3.9.12/Frameworks/Python.framework/Versions/3.9/lib/python3.9/selectors.py", line 562, in select
    kev_list = self._selector.control(None, max_ev, timeout)
KeyboardInterrupt

During handling of the above exception, another exception occurred:

Traceback (most recent call last):
  File "/Users/lichenglin/PycharmProjects/PythonProject/crypto-trading-open/env/lib/python3.9/site-packages/aiohttp/connector.py", line 992, in _wrap_create_connection
    return await self._loop.create_connection(*args, **kwargs)
  File "/usr/local/Cellar/python@3.9/3.9.12/Frameworks/Python.framework/Versions/3.9/lib/python3.9/asyncio/base_events.py", line 1090, in create_connection
    transport, protocol = await self._create_connection_transport(
  File "/usr/local/Cellar/python@3.9/3.9.12/Frameworks/Python.framework/Versions/3.9/lib/python3.9/asyncio/base_events.py", line 1120, in _create_connection_transport
    await waiter
  File "/usr/local/Cellar/python@3.9/3.9.12/Frameworks/Python.framework/Versions/3.9/lib/python3.9/asyncio/selector_events.py", line 853, in _read_ready__data_received
    data = self._sock.recv(self.max_size)
ConnectionResetError: [Errno 54] Connection reset by peer

The above exception was the direct cause of the following exception:

Traceback (most recent call last):
  File "/Users/lichenglin/PycharmProjects/PythonProject/crypto-trading-open/core/adapters/exchanges/adapters/backpack_rest.py", line 1595, in cancel_all_orders
    response = await self._make_authenticated_request("DELETE", "/api/v1/orders", data=data)
  File "/Users/lichenglin/PycharmProjects/PythonProject/crypto-trading-open/core/adapters/exchanges/adapters/backpack_rest.py", line 387, in _make_authenticated_request
    async with self.session.request(
  File "/Users/lichenglin/PycharmProjects/PythonProject/crypto-trading-open/env/lib/python3.9/site-packages/aiohttp/client.py", line 1187, in __aenter__
    self._resp = await self._coro
  File "/Users/lichenglin/PycharmProjects/PythonProject/crypto-trading-open/env/lib/python3.9/site-packages/aiohttp/client.py", line 574, in _request
    conn = await self._connector.connect(
  File "/Users/lichenglin/PycharmProjects/PythonProject/crypto-trading-open/env/lib/python3.9/site-packages/aiohttp/connector.py", line 544, in connect
    proto = await self._create_connection(req, traces, timeout)
  File "/Users/lichenglin/PycharmProjects/PythonProject/crypto-trading-open/env/lib/python3.9/site-packages/aiohttp/connector.py", line 911, in _create_connection
    _, proto = await self._create_direct_connection(req, traces, timeout)
  File "/Users/lichenglin/PycharmProjects/PythonProject/crypto-trading-open/env/lib/python3.9/site-packages/aiohttp/connector.py", line 1235, in _create_direct_connection
    raise last_exc
  File "/Users/lichenglin/PycharmProjects/PythonProject/crypto-trading-open/env/lib/python3.9/site-packages/aiohttp/connector.py", line 1204, in _create_direct_connection
    transp, proto = await self._wrap_create_connection(
  File "/Users/lichenglin/PycharmProjects/PythonProject/crypto-trading-open/env/lib/python3.9/site-packages/aiohttp/connector.py", line 1000, in _wrap_create_connection
    raise client_error(req.connection_key, exc) from exc
aiohttp.client_exceptions.ClientConnectorError: Cannot connect to host api.backpack.exchange:443 ssl:default [Connection reset by peer]

2026-01-01 22:14:29,855 - ExchangeAdapter.backpack - ERROR - error:116 - 取消所有订单失败: Cannot connect to host api.backpack.exchange:443 ssl:default [Connection reset by peer]
2026-01-01 22:14:29,857 - ExchangeAdapter.backpack - ERROR - error:116 - Traceback (most recent call last):
  File "/usr/local/Cellar/python@3.9/3.9.12/Frameworks/Python.framework/Versions/3.9/lib/python3.9/asyncio/runners.py", line 44, in run
    return loop.run_until_complete(main)
  File "/usr/local/Cellar/python@3.9/3.9.12/Frameworks/Python.framework/Versions/3.9/lib/python3.9/asyncio/base_events.py", line 634, in run_until_complete
    self.run_forever()
  File "/usr/local/Cellar/python@3.9/3.9.12/Frameworks/Python.framework/Versions/3.9/lib/python3.9/asyncio/base_events.py", line 601, in run_forever
    self._run_once()
  File "/usr/local/Cellar/python@3.9/3.9.12/Frameworks/Python.framework/Versions/3.9/lib/python3.9/asyncio/base_events.py", line 1869, in _run_once
    event_list = self._selector.select(timeout)
  File "/usr/local/Cellar/python@3.9/3.9.12/Frameworks/Python.framework/Versions/3.9/lib/python3.9/selectors.py", line 562, in select
    kev_list = self._selector.control(None, max_ev, timeout)
KeyboardInterrupt

During handling of the above exception, another exception occurred:

Traceback (most recent call last):
  File "/Users/lichenglin/PycharmProjects/PythonProject/crypto-trading-open/env/lib/python3.9/site-packages/aiohttp/connector.py", line 992, in _wrap_create_connection
    return await self._loop.create_connection(*args, **kwargs)
  File "/usr/local/Cellar/python@3.9/3.9.12/Frameworks/Python.framework/Versions/3.9/lib/python3.9/asyncio/base_events.py", line 1090, in create_connection
    transport, protocol = await self._create_connection_transport(
  File "/usr/local/Cellar/python@3.9/3.9.12/Frameworks/Python.framework/Versions/3.9/lib/python3.9/asyncio/base_events.py", line 1120, in _create_connection_transport
    await waiter
  File "/usr/local/Cellar/python@3.9/3.9.12/Frameworks/Python.framework/Versions/3.9/lib/python3.9/asyncio/selector_events.py", line 853, in _read_ready__data_received
    data = self._sock.recv(self.max_size)
ConnectionResetError: [Errno 54] Connection reset by peer

The above exception was the direct cause of the following exception:

Traceback (most recent call last):
  File "/Users/lichenglin/PycharmProjects/PythonProject/crypto-trading-open/core/adapters/exchanges/adapters/backpack_rest.py", line 1595, in cancel_all_orders
    response = await self._make_authenticated_request("DELETE", "/api/v1/orders", data=data)
  File "/Users/lichenglin/PycharmProjects/PythonProject/crypto-trading-open/core/adapters/exchanges/adapters/backpack_rest.py", line 387, in _make_authenticated_request
    async with self.session.request(
  File "/Users/lichenglin/PycharmProjects/PythonProject/crypto-trading-open/env/lib/python3.9/site-packages/aiohttp/client.py", line 1187, in __aenter__
    self._resp = await self._coro
  File "/Users/lichenglin/PycharmProjects/PythonProject/crypto-trading-open/env/lib/python3.9/site-packages/aiohttp/client.py", line 574, in _request
    conn = await self._connector.connect(
  File "/Users/lichenglin/PycharmProjects/PythonProject/crypto-trading-open/env/lib/python3.9/site-packages/aiohttp/connector.py", line 544, in connect
    proto = await self._create_connection(req, traces, timeout)
  File "/Users/lichenglin/PycharmProjects/PythonProject/crypto-trading-open/env/lib/python3.9/site-packages/aiohttp/connector.py", line 911, in _create_connection
    _, proto = await self._create_direct_connection(req, traces, timeout)
  File "/Users/lichenglin/PycharmProjects/PythonProject/crypto-trading-open/env/lib/python3.9/site-packages/aiohttp/connector.py", line 1235, in _create_direct_connection
    raise last_exc
  File "/Users/lichenglin/PycharmProjects/PythonProject/crypto-trading-open/env/lib/python3.9/site-packages/aiohttp/connector.py", line 1204, in _create_direct_connection
    transp, proto = await self._wrap_create_connection(
  File "/Users/lichenglin/PycharmProjects/PythonProject/crypto-trading-open/env/lib/python3.9/site-packages/aiohttp/connector.py", line 1000, in _wrap_create_connection
    raise client_error(req.connection_key, exc) from exc
aiohttp.client_exceptions.ClientConnectorError: Cannot connect to host api.backpack.exchange:443 ssl:default [Connection reset by peer]

2026-01-01 22:14:29,860 - ExchangeAdapter.backpack - INFO - info:102 - 正在断开交易所连接...
2026-01-01 22:14:29,860 - ExchangeAdapter.backpack - INFO - disconnect:303 - 🔄 开始断开Backpack WebSocket连接...
2026-01-01 22:14:29,860 - ExchangeAdapter.backpack - INFO - disconnect:336 - 🛑 关闭Backpack session...
2026-01-01 22:14:29,861 - ExchangeAdapter.backpack - INFO - disconnect:343 - ✅ Backpack session已关闭
2026-01-01 22:14:29,862 - ExchangeAdapter.backpack - INFO - disconnect:352 - 🎉 Backpack WebSocket连接断开完成
2026-01-01 22:14:29,862 - ExchangeAdapter.backpack - INFO - info:102 - Backpack REST会话已关闭
2026-01-01 22:14:29,862 - ExchangeAdapter.backpack - INFO - info:102 - Backpack适配器已断开连接
2026-01-01 22:14:29,863 - ExchangeAdapter.backpack - INFO - info:102 - 交易所连接已断开
2026-01-01 22:14:29,863 - ExchangeAdapter.backpack - INFO - info:102 - 交易所适配器已停止: backpack
2026-01-03 15:19:40,772 - ExchangeAdapter.backpack - INFO - info:102 - 初始化交易所适配器: Backpack
2026-01-03 15:19:40,772 - ExchangeAdapter.backpack - INFO - info:102 - ✅ [Backpack] 已注册订单缓存回调，当前回调数量: 1
2026-01-03 15:19:40,802 - ExchangeAdapter.backpack - INFO - info:102 - [Backpack] 订阅管理器: 初始化成功 (模式: dynamic)
2026-01-03 15:19:40,802 - ExchangeAdapter.backpack - INFO - info:102 - 正在连接到交易所...
2026-01-03 15:19:40,802 - ExchangeAdapter.backpack - INFO - info:102 - 测试Backpack API连接并获取市场数据...
2026-01-03 15:19:42,437 - ExchangeAdapter.backpack - ERROR - error:116 - Backpack连接异常: ClientConnectorError: Cannot connect to host api.backpack.exchange:443 ssl:default [Connection reset by peer]
2026-01-03 15:19:42,438 - ExchangeAdapter.backpack - ERROR - error:116 - REST API连接失败
2026-01-03 15:19:42,439 - ExchangeAdapter.backpack - ERROR - error:116 - 交易所连接失败
2026-01-03 15:19:43,814 - ExchangeAdapter.backpack - ERROR - error:116 - 获取开放订单失败: Cannot connect to host api.backpack.exchange:443 ssl:default [Connection reset by peer]
2026-01-03 15:19:44,164 - ExchangeAdapter.backpack - ERROR - error:116 - 获取持仓失败: Cannot connect to host api.backpack.exchange:443 ssl:default [Connection reset by peer]
2026-01-03 15:19:44,166 - ExchangeAdapter.backpack - INFO - info:102 - 正在连接到交易所...
2026-01-03 15:19:44,167 - ExchangeAdapter.backpack - INFO - info:102 - 测试Backpack API连接并获取市场数据...
2026-01-03 15:19:44,460 - ExchangeAdapter.backpack - ERROR - error:116 - Backpack连接异常: ClientConnectorError: Cannot connect to host api.backpack.exchange:443 ssl:default [Connection reset by peer]
2026-01-03 15:19:44,461 - ExchangeAdapter.backpack - ERROR - error:116 - REST API连接失败
2026-01-03 15:19:44,461 - ExchangeAdapter.backpack - ERROR - error:116 - 交易所连接失败
2026-01-03 15:19:44,462 - ExchangeAdapter.backpack - INFO - connect:244 - 🔌 [Backpack] 开始建立WebSocket连接...
2026-01-03 15:19:44,837 - ExchangeAdapter.backpack - ERROR - connect:296 - ❌ [Backpack] 建立WebSocket连接失败: Cannot connect to host ws.backpack.exchange:443 ssl:default [Connection reset by peer]
2026-01-03 15:19:44,839 - ExchangeAdapter.backpack - INFO - subscribe_user_data:2012 - 订阅订单更新流: account.orderUpdate (timestamp=1767424784838)
2026-01-03 15:19:44,840 - ExchangeAdapter.backpack - WARNING - _safe_send_message:229 - ⚠️ WebSocket连接不可用，无法发送消息
2026-01-03 15:19:44,840 - ExchangeAdapter.backpack - WARNING - subscribe_user_data:2022 - 发送订单更新订阅消息失败
2026-01-03 15:19:44,841 - ExchangeAdapter.backpack - INFO - subscribe_user_data:2037 - 订阅持仓更新流: account.positionUpdate (timestamp=1767424784840)
2026-01-03 15:19:44,842 - ExchangeAdapter.backpack - WARNING - _safe_send_message:229 - ⚠️ WebSocket连接不可用，无法发送消息
2026-01-03 15:19:44,842 - ExchangeAdapter.backpack - WARNING - subscribe_user_data:2047 - 发送持仓更新订阅消息失败
2026-01-03 15:19:44,843 - ExchangeAdapter.backpack - INFO - connect:244 - 🔌 [Backpack] 开始建立WebSocket连接...
2026-01-03 15:19:45,155 - ExchangeAdapter.backpack - ERROR - connect:296 - ❌ [Backpack] 建立WebSocket连接失败: Cannot connect to host ws.backpack.exchange:443 ssl:default [Connection reset by peer]
2026-01-03 15:19:45,157 - ExchangeAdapter.backpack - WARNING - _safe_send_message:229 - ⚠️ WebSocket连接不可用，无法发送消息
2026-01-03 15:19:45,157 - ExchangeAdapter.backpack - WARNING - subscribe_ticker:1850 - 发送 BTC_USDC_PERP 订阅消息失败
2026-01-03 15:19:45,400 - ExchangeAdapter.backpack - ERROR - error:116 - 获取行情失败 BTC_USDC_PERP: Cannot connect to host api.backpack.exchange:443 ssl:default [Connection reset by peer]
2026-01-03 15:19:45,726 - ExchangeAdapter.backpack - ERROR - error:116 - 获取 BTC_USDC_PERP 订单簿快照失败: Cannot connect to host api.backpack.exchange:443 ssl:default [Connection reset by peer]
2026-01-03 15:19:45,727 - ExchangeAdapter.backpack - ERROR - error:116 - 获取订单簿失败 BTC_USDC_PERP: Cannot connect to host api.backpack.exchange:443 ssl:default [Connection reset by peer]
2026-01-03 15:19:45,974 - ExchangeAdapter.backpack - ERROR - error:116 - 获取持仓失败: Cannot connect to host api.backpack.exchange:443 ssl:default [Connection reset by peer]
2026-01-03 15:19:52,332 - ExchangeAdapter.backpack - ERROR - error:116 - 获取持仓失败: Cannot connect to host api.backpack.exchange:443 ssl:default [Connection reset by peer]
2026-01-03 15:19:52,553 - ExchangeAdapter.backpack - ERROR - error:116 - ❌ [Backpack] 余额查询失败: Cannot connect to host api.backpack.exchange:443 ssl:default [Connection reset by peer]
Traceback (most recent call last):
  File "/Users/lichenglin/PycharmProjects/PythonProject/crypto-trading-open/env/lib/python3.9/site-packages/aiohttp/connector.py", line 992, in _wrap_create_connection
    return await self._loop.create_connection(*args, **kwargs)
  File "/usr/local/Cellar/python@3.9/3.9.12/Frameworks/Python.framework/Versions/3.9/lib/python3.9/asyncio/base_events.py", line 1090, in create_connection
    transport, protocol = await self._create_connection_transport(
  File "/usr/local/Cellar/python@3.9/3.9.12/Frameworks/Python.framework/Versions/3.9/lib/python3.9/asyncio/base_events.py", line 1120, in _create_connection_transport
    await waiter
  File "/usr/local/Cellar/python@3.9/3.9.12/Frameworks/Python.framework/Versions/3.9/lib/python3.9/asyncio/selector_events.py", line 853, in _read_ready__data_received
    data = self._sock.recv(self.max_size)
ConnectionResetError: [Errno 54] Connection reset by peer

The above exception was the direct cause of the following exception:

Traceback (most recent call last):
  File "/Users/lichenglin/PycharmProjects/PythonProject/crypto-trading-open/core/adapters/exchanges/adapters/backpack_rest.py", line 1036, in get_balances
    data = await self._make_authenticated_request("GET", "/api/v1/capital/collateral")
  File "/Users/lichenglin/PycharmProjects/PythonProject/crypto-trading-open/core/adapters/exchanges/adapters/backpack_rest.py", line 387, in _make_authenticated_request
    async with self.session.request(
  File "/Users/lichenglin/PycharmProjects/PythonProject/crypto-trading-open/env/lib/python3.9/site-packages/aiohttp/client.py", line 1187, in __aenter__
    self._resp = await self._coro
  File "/Users/lichenglin/PycharmProjects/PythonProject/crypto-trading-open/env/lib/python3.9/site-packages/aiohttp/client.py", line 574, in _request
    conn = await self._connector.connect(
  File "/Users/lichenglin/PycharmProjects/PythonProject/crypto-trading-open/env/lib/python3.9/site-packages/aiohttp/connector.py", line 544, in connect
    proto = await self._create_connection(req, traces, timeout)
  File "/Users/lichenglin/PycharmProjects/PythonProject/crypto-trading-open/env/lib/python3.9/site-packages/aiohttp/connector.py", line 911, in _create_connection
    _, proto = await self._create_direct_connection(req, traces, timeout)
  File "/Users/lichenglin/PycharmProjects/PythonProject/crypto-trading-open/env/lib/python3.9/site-packages/aiohttp/connector.py", line 1235, in _create_direct_connection
    raise last_exc
  File "/Users/lichenglin/PycharmProjects/PythonProject/crypto-trading-open/env/lib/python3.9/site-packages/aiohttp/connector.py", line 1204, in _create_direct_connection
    transp, proto = await self._wrap_create_connection(
  File "/Users/lichenglin/PycharmProjects/PythonProject/crypto-trading-open/env/lib/python3.9/site-packages/aiohttp/connector.py", line 1000, in _wrap_create_connection
    raise client_error(req.connection_key, exc) from exc
aiohttp.client_exceptions.ClientConnectorError: Cannot connect to host api.backpack.exchange:443 ssl:default [Connection reset by peer]
2026-01-03 15:20:15,347 - ExchangeAdapter.backpack - ERROR - error:116 - 获取行情失败 BTC_USDC_PERP: Cannot connect to host api.backpack.exchange:443 ssl:default [Connection reset by peer]
2026-01-03 15:20:15,622 - ExchangeAdapter.backpack - ERROR - error:116 - 获取 BTC_USDC_PERP 订单簿快照失败: Cannot connect to host api.backpack.exchange:443 ssl:default [Connection reset by peer]
2026-01-03 15:20:15,622 - ExchangeAdapter.backpack - ERROR - error:116 - 获取订单簿失败 BTC_USDC_PERP: Cannot connect to host api.backpack.exchange:443 ssl:default [Connection reset by peer]
2026-01-03 15:20:46,011 - ExchangeAdapter.backpack - ERROR - error:116 - 获取行情失败 BTC_USDC_PERP: Cannot connect to host api.backpack.exchange:443 ssl:default [Connection reset by peer]
2026-01-03 15:20:46,253 - ExchangeAdapter.backpack - ERROR - error:116 - 获取持仓失败: Cannot connect to host api.backpack.exchange:443 ssl:default [Connection reset by peer]
2026-01-03 15:20:47,156 - ExchangeAdapter.backpack - ERROR - error:116 - 获取 BTC_USDC_PERP 订单簿快照失败: Cannot connect to host api.backpack.exchange:443 ssl:default [Connection reset by peer]
2026-01-03 15:20:47,156 - ExchangeAdapter.backpack - ERROR - error:116 - 获取订单簿失败 BTC_USDC_PERP: Cannot connect to host api.backpack.exchange:443 ssl:default [Connection reset by peer]
2026-01-03 15:20:52,243 - ExchangeAdapter.backpack - ERROR - error:116 - 获取持仓失败: Cannot connect to host api.backpack.exchange:443 ssl:default [Connection reset by peer]
2026-01-03 15:20:52,299 - ExchangeAdapter.backpack - ERROR - error:116 - 获取开放订单失败: Cannot connect to host api.backpack.exchange:443 ssl:default [Connection reset by peer]
2026-01-03 15:20:52,803 - ExchangeAdapter.backpack - ERROR - error:116 - ❌ [Backpack] 余额查询失败: Cannot connect to host api.backpack.exchange:443 ssl:default [Connection reset by peer]
Traceback (most recent call last):
  File "/Users/lichenglin/PycharmProjects/PythonProject/crypto-trading-open/env/lib/python3.9/site-packages/aiohttp/connector.py", line 992, in _wrap_create_connection
    return await self._loop.create_connection(*args, **kwargs)
  File "/usr/local/Cellar/python@3.9/3.9.12/Frameworks/Python.framework/Versions/3.9/lib/python3.9/asyncio/base_events.py", line 1090, in create_connection
    transport, protocol = await self._create_connection_transport(
  File "/usr/local/Cellar/python@3.9/3.9.12/Frameworks/Python.framework/Versions/3.9/lib/python3.9/asyncio/base_events.py", line 1120, in _create_connection_transport
    await waiter
  File "/usr/local/Cellar/python@3.9/3.9.12/Frameworks/Python.framework/Versions/3.9/lib/python3.9/asyncio/selector_events.py", line 853, in _read_ready__data_received
    data = self._sock.recv(self.max_size)
ConnectionResetError: [Errno 54] Connection reset by peer

The above exception was the direct cause of the following exception:

Traceback (most recent call last):
  File "/Users/lichenglin/PycharmProjects/PythonProject/crypto-trading-open/core/adapters/exchanges/adapters/backpack_rest.py", line 1036, in get_balances
    data = await self._make_authenticated_request("GET", "/api/v1/capital/collateral")
  File "/Users/lichenglin/PycharmProjects/PythonProject/crypto-trading-open/core/adapters/exchanges/adapters/backpack_rest.py", line 387, in _make_authenticated_request
    async with self.session.request(
  File "/Users/lichenglin/PycharmProjects/PythonProject/crypto-trading-open/env/lib/python3.9/site-packages/aiohttp/client.py", line 1187, in __aenter__
    self._resp = await self._coro
  File "/Users/lichenglin/PycharmProjects/PythonProject/crypto-trading-open/env/lib/python3.9/site-packages/aiohttp/client.py", line 574, in _request
    conn = await self._connector.connect(
  File "/Users/lichenglin/PycharmProjects/PythonProject/crypto-trading-open/env/lib/python3.9/site-packages/aiohttp/connector.py", line 544, in connect
    proto = await self._create_connection(req, traces, timeout)
  File "/Users/lichenglin/PycharmProjects/PythonProject/crypto-trading-open/env/lib/python3.9/site-packages/aiohttp/connector.py", line 911, in _create_connection
    _, proto = await self._create_direct_connection(req, traces, timeout)
  File "/Users/lichenglin/PycharmProjects/PythonProject/crypto-trading-open/env/lib/python3.9/site-packages/aiohttp/connector.py", line 1235, in _create_direct_connection
    raise last_exc
  File "/Users/lichenglin/PycharmProjects/PythonProject/crypto-trading-open/env/lib/python3.9/site-packages/aiohttp/connector.py", line 1204, in _create_direct_connection
    transp, proto = await self._wrap_create_connection(
  File "/Users/lichenglin/PycharmProjects/PythonProject/crypto-trading-open/env/lib/python3.9/site-packages/aiohttp/connector.py", line 1000, in _wrap_create_connection
    raise client_error(req.connection_key, exc) from exc
aiohttp.client_exceptions.ClientConnectorError: Cannot connect to host api.backpack.exchange:443 ssl:default [Connection reset by peer]
2026-01-03 15:20:52,981 - ExchangeAdapter.backpack - ERROR - error:116 - 获取持仓失败: Cannot connect to host api.backpack.exchange:443 ssl:default [Connection reset by peer]
2026-01-03 15:20:53,097 - ExchangeAdapter.backpack - ERROR - error:116 - 获取开放订单失败: Cannot connect to host api.backpack.exchange:443 ssl:default [Connection reset by peer]
2026-01-03 15:20:53,904 - ExchangeAdapter.backpack - ERROR - error:116 - 获取持仓失败: Cannot connect to host api.backpack.exchange:443 ssl:default [Connection reset by peer]
2026-01-03 15:20:54,875 - ExchangeAdapter.backpack - ERROR - error:116 - 获取开放订单失败: Cannot connect to host api.backpack.exchange:443 ssl:default [Connection reset by peer]
2026-01-03 15:21:46,541 - ExchangeAdapter.backpack - ERROR - error:116 - 获取持仓失败: Cannot connect to host api.backpack.exchange:443 ssl:default [Connection reset by peer]
2026-01-03 15:21:54,111 - ExchangeAdapter.backpack - ERROR - error:116 - ❌ [Backpack] 余额查询失败: Cannot connect to host api.backpack.exchange:443 ssl:default [Connection reset by peer]
Traceback (most recent call last):
  File "/Users/lichenglin/PycharmProjects/PythonProject/crypto-trading-open/env/lib/python3.9/site-packages/aiohttp/connector.py", line 992, in _wrap_create_connection
    return await self._loop.create_connection(*args, **kwargs)
  File "/usr/local/Cellar/python@3.9/3.9.12/Frameworks/Python.framework/Versions/3.9/lib/python3.9/asyncio/base_events.py", line 1090, in create_connection
    transport, protocol = await self._create_connection_transport(
  File "/usr/local/Cellar/python@3.9/3.9.12/Frameworks/Python.framework/Versions/3.9/lib/python3.9/asyncio/base_events.py", line 1120, in _create_connection_transport
    await waiter
  File "/usr/local/Cellar/python@3.9/3.9.12/Frameworks/Python.framework/Versions/3.9/lib/python3.9/asyncio/selector_events.py", line 853, in _read_ready__data_received
    data = self._sock.recv(self.max_size)
ConnectionResetError: [Errno 54] Connection reset by peer

The above exception was the direct cause of the following exception:

Traceback (most recent call last):
  File "/Users/lichenglin/PycharmProjects/PythonProject/crypto-trading-open/core/adapters/exchanges/adapters/backpack_rest.py", line 1036, in get_balances
    data = await self._make_authenticated_request("GET", "/api/v1/capital/collateral")
  File "/Users/lichenglin/PycharmProjects/PythonProject/crypto-trading-open/core/adapters/exchanges/adapters/backpack_rest.py", line 387, in _make_authenticated_request
    async with self.session.request(
  File "/Users/lichenglin/PycharmProjects/PythonProject/crypto-trading-open/env/lib/python3.9/site-packages/aiohttp/client.py", line 1187, in __aenter__
    self._resp = await self._coro
  File "/Users/lichenglin/PycharmProjects/PythonProject/crypto-trading-open/env/lib/python3.9/site-packages/aiohttp/client.py", line 574, in _request
    conn = await self._connector.connect(
  File "/Users/lichenglin/PycharmProjects/PythonProject/crypto-trading-open/env/lib/python3.9/site-packages/aiohttp/connector.py", line 544, in connect
    proto = await self._create_connection(req, traces, timeout)
  File "/Users/lichenglin/PycharmProjects/PythonProject/crypto-trading-open/env/lib/python3.9/site-packages/aiohttp/connector.py", line 911, in _create_connection
    _, proto = await self._create_direct_connection(req, traces, timeout)
  File "/Users/lichenglin/PycharmProjects/PythonProject/crypto-trading-open/env/lib/python3.9/site-packages/aiohttp/connector.py", line 1235, in _create_direct_connection
    raise last_exc
  File "/Users/lichenglin/PycharmProjects/PythonProject/crypto-trading-open/env/lib/python3.9/site-packages/aiohttp/connector.py", line 1204, in _create_direct_connection
    transp, proto = await self._wrap_create_connection(
  File "/Users/lichenglin/PycharmProjects/PythonProject/crypto-trading-open/env/lib/python3.9/site-packages/aiohttp/connector.py", line 1000, in _wrap_create_connection
    raise client_error(req.connection_key, exc) from exc
aiohttp.client_exceptions.ClientConnectorError: Cannot connect to host api.backpack.exchange:443 ssl:default [Connection reset by peer]
2026-01-03 15:22:12,609 - ExchangeAdapter.backpack - ERROR - error:116 - 取消所有订单失败: Cannot connect to host api.backpack.exchange:443 ssl:default [Connection reset by peer]
2026-01-03 15:22:12,613 - ExchangeAdapter.backpack - ERROR - error:116 - Traceback (most recent call last):
  File "/usr/local/Cellar/python@3.9/3.9.12/Frameworks/Python.framework/Versions/3.9/lib/python3.9/asyncio/runners.py", line 44, in run
    return loop.run_until_complete(main)
  File "/usr/local/Cellar/python@3.9/3.9.12/Frameworks/Python.framework/Versions/3.9/lib/python3.9/asyncio/base_events.py", line 634, in run_until_complete
    self.run_forever()
  File "/usr/local/Cellar/python@3.9/3.9.12/Frameworks/Python.framework/Versions/3.9/lib/python3.9/asyncio/base_events.py", line 601, in run_forever
    self._run_once()
  File "/usr/local/Cellar/python@3.9/3.9.12/Frameworks/Python.framework/Versions/3.9/lib/python3.9/asyncio/base_events.py", line 1869, in _run_once
    event_list = self._selector.select(timeout)
  File "/usr/local/Cellar/python@3.9/3.9.12/Frameworks/Python.framework/Versions/3.9/lib/python3.9/selectors.py", line 562, in select
    kev_list = self._selector.control(None, max_ev, timeout)
KeyboardInterrupt

During handling of the above exception, another exception occurred:

Traceback (most recent call last):
  File "/Users/lichenglin/PycharmProjects/PythonProject/crypto-trading-open/env/lib/python3.9/site-packages/aiohttp/connector.py", line 992, in _wrap_create_connection
    return await self._loop.create_connection(*args, **kwargs)
  File "/usr/local/Cellar/python@3.9/3.9.12/Frameworks/Python.framework/Versions/3.9/lib/python3.9/asyncio/base_events.py", line 1090, in create_connection
    transport, protocol = await self._create_connection_transport(
  File "/usr/local/Cellar/python@3.9/3.9.12/Frameworks/Python.framework/Versions/3.9/lib/python3.9/asyncio/base_events.py", line 1120, in _create_connection_transport
    await waiter
  File "/usr/local/Cellar/python@3.9/3.9.12/Frameworks/Python.framework/Versions/3.9/lib/python3.9/asyncio/selector_events.py", line 853, in _read_ready__data_received
    data = self._sock.recv(self.max_size)
ConnectionResetError: [Errno 54] Connection reset by peer

The above exception was the direct cause of the following exception:

Traceback (most recent call last):
  File "/Users/lichenglin/PycharmProjects/PythonProject/crypto-trading-open/core/adapters/exchanges/adapters/backpack_rest.py", line 1595, in cancel_all_orders
    response = await self._make_authenticated_request("DELETE", "/api/v1/orders", data=data)
  File "/Users/lichenglin/PycharmProjects/PythonProject/crypto-trading-open/core/adapters/exchanges/adapters/backpack_rest.py", line 387, in _make_authenticated_request
    async with self.session.request(
  File "/Users/lichenglin/PycharmProjects/PythonProject/crypto-trading-open/env/lib/python3.9/site-packages/aiohttp/client.py", line 1187, in __aenter__
    self._resp = await self._coro
  File "/Users/lichenglin/PycharmProjects/PythonProject/crypto-trading-open/env/lib/python3.9/site-packages/aiohttp/client.py", line 574, in _request
    conn = await self._connector.connect(
  File "/Users/lichenglin/PycharmProjects/PythonProject/crypto-trading-open/env/lib/python3.9/site-packages/aiohttp/connector.py", line 544, in connect
    proto = await self._create_connection(req, traces, timeout)
  File "/Users/lichenglin/PycharmProjects/PythonProject/crypto-trading-open/env/lib/python3.9/site-packages/aiohttp/connector.py", line 911, in _create_connection
    _, proto = await self._create_direct_connection(req, traces, timeout)
  File "/Users/lichenglin/PycharmProjects/PythonProject/crypto-trading-open/env/lib/python3.9/site-packages/aiohttp/connector.py", line 1235, in _create_direct_connection
    raise last_exc
  File "/Users/lichenglin/PycharmProjects/PythonProject/crypto-trading-open/env/lib/python3.9/site-packages/aiohttp/connector.py", line 1204, in _create_direct_connection
    transp, proto = await self._wrap_create_connection(
  File "/Users/lichenglin/PycharmProjects/PythonProject/crypto-trading-open/env/lib/python3.9/site-packages/aiohttp/connector.py", line 1000, in _wrap_create_connection
    raise client_error(req.connection_key, exc) from exc
aiohttp.client_exceptions.ClientConnectorError: Cannot connect to host api.backpack.exchange:443 ssl:default [Connection reset by peer]

2026-01-03 15:22:13,973 - ExchangeAdapter.backpack - ERROR - error:116 - 取消所有订单失败: Cannot connect to host api.backpack.exchange:443 ssl:default [Connection reset by peer]
2026-01-03 15:22:13,974 - ExchangeAdapter.backpack - ERROR - error:116 - Traceback (most recent call last):
  File "/usr/local/Cellar/python@3.9/3.9.12/Frameworks/Python.framework/Versions/3.9/lib/python3.9/asyncio/runners.py", line 44, in run
    return loop.run_until_complete(main)
  File "/usr/local/Cellar/python@3.9/3.9.12/Frameworks/Python.framework/Versions/3.9/lib/python3.9/asyncio/base_events.py", line 634, in run_until_complete
    self.run_forever()
  File "/usr/local/Cellar/python@3.9/3.9.12/Frameworks/Python.framework/Versions/3.9/lib/python3.9/asyncio/base_events.py", line 601, in run_forever
    self._run_once()
  File "/usr/local/Cellar/python@3.9/3.9.12/Frameworks/Python.framework/Versions/3.9/lib/python3.9/asyncio/base_events.py", line 1869, in _run_once
    event_list = self._selector.select(timeout)
  File "/usr/local/Cellar/python@3.9/3.9.12/Frameworks/Python.framework/Versions/3.9/lib/python3.9/selectors.py", line 562, in select
    kev_list = self._selector.control(None, max_ev, timeout)
KeyboardInterrupt

During handling of the above exception, another exception occurred:

Traceback (most recent call last):
  File "/Users/lichenglin/PycharmProjects/PythonProject/crypto-trading-open/env/lib/python3.9/site-packages/aiohttp/connector.py", line 992, in _wrap_create_connection
    return await self._loop.create_connection(*args, **kwargs)
  File "/usr/local/Cellar/python@3.9/3.9.12/Frameworks/Python.framework/Versions/3.9/lib/python3.9/asyncio/base_events.py", line 1090, in create_connection
    transport, protocol = await self._create_connection_transport(
  File "/usr/local/Cellar/python@3.9/3.9.12/Frameworks/Python.framework/Versions/3.9/lib/python3.9/asyncio/base_events.py", line 1120, in _create_connection_transport
    await waiter
  File "/usr/local/Cellar/python@3.9/3.9.12/Frameworks/Python.framework/Versions/3.9/lib/python3.9/asyncio/selector_events.py", line 853, in _read_ready__data_received
    data = self._sock.recv(self.max_size)
ConnectionResetError: [Errno 54] Connection reset by peer

The above exception was the direct cause of the following exception:

Traceback (most recent call last):
  File "/Users/lichenglin/PycharmProjects/PythonProject/crypto-trading-open/core/adapters/exchanges/adapters/backpack_rest.py", line 1595, in cancel_all_orders
    response = await self._make_authenticated_request("DELETE", "/api/v1/orders", data=data)
  File "/Users/lichenglin/PycharmProjects/PythonProject/crypto-trading-open/core/adapters/exchanges/adapters/backpack_rest.py", line 387, in _make_authenticated_request
    async with self.session.request(
  File "/Users/lichenglin/PycharmProjects/PythonProject/crypto-trading-open/env/lib/python3.9/site-packages/aiohttp/client.py", line 1187, in __aenter__
    self._resp = await self._coro
  File "/Users/lichenglin/PycharmProjects/PythonProject/crypto-trading-open/env/lib/python3.9/site-packages/aiohttp/client.py", line 574, in _request
    conn = await self._connector.connect(
  File "/Users/lichenglin/PycharmProjects/PythonProject/crypto-trading-open/env/lib/python3.9/site-packages/aiohttp/connector.py", line 544, in connect
    proto = await self._create_connection(req, traces, timeout)
  File "/Users/lichenglin/PycharmProjects/PythonProject/crypto-trading-open/env/lib/python3.9/site-packages/aiohttp/connector.py", line 911, in _create_connection
    _, proto = await self._create_direct_connection(req, traces, timeout)
  File "/Users/lichenglin/PycharmProjects/PythonProject/crypto-trading-open/env/lib/python3.9/site-packages/aiohttp/connector.py", line 1235, in _create_direct_connection
    raise last_exc
  File "/Users/lichenglin/PycharmProjects/PythonProject/crypto-trading-open/env/lib/python3.9/site-packages/aiohttp/connector.py", line 1204, in _create_direct_connection
    transp, proto = await self._wrap_create_connection(
  File "/Users/lichenglin/PycharmProjects/PythonProject/crypto-trading-open/env/lib/python3.9/site-packages/aiohttp/connector.py", line 1000, in _wrap_create_connection
    raise client_error(req.connection_key, exc) from exc
aiohttp.client_exceptions.ClientConnectorError: Cannot connect to host api.backpack.exchange:443 ssl:default [Connection reset by peer]

2026-01-03 15:22:13,975 - ExchangeAdapter.backpack - INFO - info:102 - 正在断开交易所连接...
2026-01-03 15:22:13,975 - ExchangeAdapter.backpack - INFO - disconnect:303 - 🔄 开始断开Backpack WebSocket连接...
2026-01-03 15:22:13,976 - ExchangeAdapter.backpack - INFO - disconnect:336 - 🛑 关闭Backpack session...
2026-01-03 15:22:13,976 - ExchangeAdapter.backpack - INFO - disconnect:343 - ✅ Backpack session已关闭
2026-01-03 15:22:13,976 - ExchangeAdapter.backpack - INFO - disconnect:352 - 🎉 Backpack WebSocket连接断开完成
2026-01-03 15:22:13,977 - ExchangeAdapter.backpack - INFO - info:102 - Backpack REST会话已关闭
2026-01-03 15:22:13,977 - ExchangeAdapter.backpack - INFO - info:102 - Backpack适配器已断开连接
2026-01-03 15:22:13,977 - ExchangeAdapter.backpack - INFO - info:102 - 交易所连接已断开
2026-01-03 15:22:13,978 - ExchangeAdapter.backpack - INFO - info:102 - 交易所适配器已停止: backpack
2026-01-03 15:24:31,354 - ExchangeAdapter.backpack - INFO - info:102 - 初始化交易所适配器: Backpack
2026-01-03 15:24:31,354 - ExchangeAdapter.backpack - INFO - info:102 - ✅ [Backpack] 已注册订单缓存回调，当前回调数量: 1
2026-01-03 15:24:31,384 - ExchangeAdapter.backpack - INFO - info:102 - [Backpack] 订阅管理器: 初始化成功 (模式: dynamic)
2026-01-03 15:24:31,384 - ExchangeAdapter.backpack - INFO - info:102 - 正在连接到交易所...
2026-01-03 15:24:31,384 - ExchangeAdapter.backpack - INFO - info:102 - 测试Backpack API连接并获取市场数据...
2026-01-03 15:24:32,953 - ExchangeAdapter.backpack - ERROR - error:116 - Backpack连接异常: ClientConnectorError: Cannot connect to host api.backpack.exchange:443 ssl:default [Connection reset by peer]
2026-01-03 15:24:32,953 - ExchangeAdapter.backpack - ERROR - error:116 - REST API连接失败
2026-01-03 15:24:32,953 - ExchangeAdapter.backpack - ERROR - error:116 - 交易所连接失败
2026-01-03 15:24:34,263 - ExchangeAdapter.backpack - ERROR - error:116 - 获取开放订单失败: Cannot connect to host api.backpack.exchange:443 ssl:default [Connection reset by peer]
2026-01-03 15:24:34,553 - ExchangeAdapter.backpack - ERROR - error:116 - 获取持仓失败: Cannot connect to host api.backpack.exchange:443 ssl:default [Connection reset by peer]
2026-01-03 15:24:34,557 - ExchangeAdapter.backpack - INFO - info:102 - 正在连接到交易所...
2026-01-03 15:24:34,557 - ExchangeAdapter.backpack - INFO - info:102 - 测试Backpack API连接并获取市场数据...
2026-01-03 15:24:34,912 - ExchangeAdapter.backpack - ERROR - error:116 - Backpack连接异常: ClientConnectorError: Cannot connect to host api.backpack.exchange:443 ssl:default [Connection reset by peer]
2026-01-03 15:24:34,912 - ExchangeAdapter.backpack - ERROR - error:116 - REST API连接失败
2026-01-03 15:24:34,913 - ExchangeAdapter.backpack - ERROR - error:116 - 交易所连接失败
2026-01-03 15:24:34,913 - ExchangeAdapter.backpack - INFO - connect:244 - 🔌 [Backpack] 开始建立WebSocket连接...
2026-01-03 15:24:35,290 - ExchangeAdapter.backpack - ERROR - connect:296 - ❌ [Backpack] 建立WebSocket连接失败: Cannot connect to host ws.backpack.exchange:443 ssl:default [Connection reset by peer]
2026-01-03 15:24:35,292 - ExchangeAdapter.backpack - INFO - subscribe_user_data:2012 - 订阅订单更新流: account.orderUpdate (timestamp=1767425075291)
2026-01-03 15:24:35,293 - ExchangeAdapter.backpack - WARNING - _safe_send_message:229 - ⚠️ WebSocket连接不可用，无法发送消息
2026-01-03 15:24:35,294 - ExchangeAdapter.backpack - WARNING - subscribe_user_data:2022 - 发送订单更新订阅消息失败
2026-01-03 15:24:35,295 - ExchangeAdapter.backpack - INFO - subscribe_user_data:2037 - 订阅持仓更新流: account.positionUpdate (timestamp=1767425075294)
2026-01-03 15:24:35,295 - ExchangeAdapter.backpack - WARNING - _safe_send_message:229 - ⚠️ WebSocket连接不可用，无法发送消息
2026-01-03 15:24:35,295 - ExchangeAdapter.backpack - WARNING - subscribe_user_data:2047 - 发送持仓更新订阅消息失败
2026-01-03 15:24:35,296 - ExchangeAdapter.backpack - INFO - connect:244 - 🔌 [Backpack] 开始建立WebSocket连接...
2026-01-03 15:24:36,568 - ExchangeAdapter.backpack - ERROR - connect:296 - ❌ [Backpack] 建立WebSocket连接失败: Cannot connect to host ws.backpack.exchange:443 ssl:default [Connection reset by peer]
2026-01-03 15:24:36,569 - ExchangeAdapter.backpack - WARNING - _safe_send_message:229 - ⚠️ WebSocket连接不可用，无法发送消息
2026-01-03 15:24:36,570 - ExchangeAdapter.backpack - WARNING - subscribe_ticker:1850 - 发送 BTC_USDC_PERP 订阅消息失败
2026-01-03 15:24:36,875 - ExchangeAdapter.backpack - ERROR - error:116 - 获取行情失败 BTC_USDC_PERP: Cannot connect to host api.backpack.exchange:443 ssl:default [Connection reset by peer]
2026-01-03 15:24:37,063 - ExchangeAdapter.backpack - ERROR - error:116 - 获取 BTC_USDC_PERP 订单簿快照失败: Cannot connect to host api.backpack.exchange:443 ssl:default [Connection reset by peer]
2026-01-03 15:24:37,064 - ExchangeAdapter.backpack - ERROR - error:116 - 获取订单簿失败 BTC_USDC_PERP: Cannot connect to host api.backpack.exchange:443 ssl:default [Connection reset by peer]
2026-01-03 15:24:37,378 - ExchangeAdapter.backpack - ERROR - error:116 - 获取持仓失败: Cannot connect to host api.backpack.exchange:443 ssl:default [Connection reset by peer]
2026-01-03 15:24:43,709 - ExchangeAdapter.backpack - ERROR - error:116 - 获取持仓失败: Cannot connect to host api.backpack.exchange:443 ssl:default [Connection reset by peer]
2026-01-03 15:24:43,809 - ExchangeAdapter.backpack - ERROR - error:116 - ❌ [Backpack] 余额查询失败: Cannot connect to host api.backpack.exchange:443 ssl:default [Connection reset by peer]
Traceback (most recent call last):
  File "/Users/lichenglin/PycharmProjects/PythonProject/crypto-trading-open/env/lib/python3.9/site-packages/aiohttp/connector.py", line 992, in _wrap_create_connection
    return await self._loop.create_connection(*args, **kwargs)
  File "/usr/local/Cellar/python@3.9/3.9.12/Frameworks/Python.framework/Versions/3.9/lib/python3.9/asyncio/base_events.py", line 1090, in create_connection
    transport, protocol = await self._create_connection_transport(
  File "/usr/local/Cellar/python@3.9/3.9.12/Frameworks/Python.framework/Versions/3.9/lib/python3.9/asyncio/base_events.py", line 1120, in _create_connection_transport
    await waiter
  File "/usr/local/Cellar/python@3.9/3.9.12/Frameworks/Python.framework/Versions/3.9/lib/python3.9/asyncio/selector_events.py", line 853, in _read_ready__data_received
    data = self._sock.recv(self.max_size)
ConnectionResetError: [Errno 54] Connection reset by peer

The above exception was the direct cause of the following exception:

Traceback (most recent call last):
  File "/Users/lichenglin/PycharmProjects/PythonProject/crypto-trading-open/core/adapters/exchanges/adapters/backpack_rest.py", line 1036, in get_balances
    data = await self._make_authenticated_request("GET", "/api/v1/capital/collateral")
  File "/Users/lichenglin/PycharmProjects/PythonProject/crypto-trading-open/core/adapters/exchanges/adapters/backpack_rest.py", line 387, in _make_authenticated_request
    async with self.session.request(
  File "/Users/lichenglin/PycharmProjects/PythonProject/crypto-trading-open/env/lib/python3.9/site-packages/aiohttp/client.py", line 1187, in __aenter__
    self._resp = await self._coro
  File "/Users/lichenglin/PycharmProjects/PythonProject/crypto-trading-open/env/lib/python3.9/site-packages/aiohttp/client.py", line 574, in _request
    conn = await self._connector.connect(
  File "/Users/lichenglin/PycharmProjects/PythonProject/crypto-trading-open/env/lib/python3.9/site-packages/aiohttp/connector.py", line 544, in connect
    proto = await self._create_connection(req, traces, timeout)
  File "/Users/lichenglin/PycharmProjects/PythonProject/crypto-trading-open/env/lib/python3.9/site-packages/aiohttp/connector.py", line 911, in _create_connection
    _, proto = await self._create_direct_connection(req, traces, timeout)
  File "/Users/lichenglin/PycharmProjects/PythonProject/crypto-trading-open/env/lib/python3.9/site-packages/aiohttp/connector.py", line 1235, in _create_direct_connection
    raise last_exc
  File "/Users/lichenglin/PycharmProjects/PythonProject/crypto-trading-open/env/lib/python3.9/site-packages/aiohttp/connector.py", line 1204, in _create_direct_connection
    transp, proto = await self._wrap_create_connection(
  File "/Users/lichenglin/PycharmProjects/PythonProject/crypto-trading-open/env/lib/python3.9/site-packages/aiohttp/connector.py", line 1000, in _wrap_create_connection
    raise client_error(req.connection_key, exc) from exc
aiohttp.client_exceptions.ClientConnectorError: Cannot connect to host api.backpack.exchange:443 ssl:default [Connection reset by peer]
2026-01-03 15:25:07,938 - ExchangeAdapter.backpack - ERROR - error:116 - 获取行情失败 BTC_USDC_PERP: Cannot connect to host api.backpack.exchange:443 ssl:default [Connection reset by peer]
2026-01-03 15:25:08,221 - ExchangeAdapter.backpack - ERROR - error:116 - 获取 BTC_USDC_PERP 订单簿快照失败: Cannot connect to host api.backpack.exchange:443 ssl:default [Connection reset by peer]
2026-01-03 15:25:08,221 - ExchangeAdapter.backpack - ERROR - error:116 - 获取订单簿失败 BTC_USDC_PERP: Cannot connect to host api.backpack.exchange:443 ssl:default [Connection reset by peer]
2026-01-03 15:25:38,490 - ExchangeAdapter.backpack - ERROR - error:116 - 获取行情失败 BTC_USDC_PERP: Cannot connect to host api.backpack.exchange:443 ssl:default [Connection reset by peer]
2026-01-03 15:25:38,712 - ExchangeAdapter.backpack - ERROR - error:116 - 获取持仓失败: Cannot connect to host api.backpack.exchange:443 ssl:default [Connection reset by peer]
2026-01-03 15:25:39,811 - ExchangeAdapter.backpack - ERROR - error:116 - 获取 BTC_USDC_PERP 订单簿快照失败: Cannot connect to host api.backpack.exchange:443 ssl:default [Connection reset by peer]
2026-01-03 15:25:39,812 - ExchangeAdapter.backpack - ERROR - error:116 - 获取订单簿失败 BTC_USDC_PERP: Cannot connect to host api.backpack.exchange:443 ssl:default [Connection reset by peer]
2026-01-03 15:25:43,654 - ExchangeAdapter.backpack - ERROR - error:116 - 获取开放订单失败: Cannot connect to host api.backpack.exchange:443 ssl:default [Connection reset by peer]
2026-01-03 15:25:43,693 - ExchangeAdapter.backpack - ERROR - error:116 - 获取持仓失败: Cannot connect to host api.backpack.exchange:443 ssl:default [Connection reset by peer]
2026-01-03 15:25:44,053 - ExchangeAdapter.backpack - ERROR - error:116 - ❌ [Backpack] 余额查询失败: Cannot connect to host api.backpack.exchange:443 ssl:default [Connection reset by peer]
Traceback (most recent call last):
  File "/Users/lichenglin/PycharmProjects/PythonProject/crypto-trading-open/env/lib/python3.9/site-packages/aiohttp/connector.py", line 992, in _wrap_create_connection
    return await self._loop.create_connection(*args, **kwargs)
  File "/usr/local/Cellar/python@3.9/3.9.12/Frameworks/Python.framework/Versions/3.9/lib/python3.9/asyncio/base_events.py", line 1090, in create_connection
    transport, protocol = await self._create_connection_transport(
  File "/usr/local/Cellar/python@3.9/3.9.12/Frameworks/Python.framework/Versions/3.9/lib/python3.9/asyncio/base_events.py", line 1120, in _create_connection_transport
    await waiter
  File "/usr/local/Cellar/python@3.9/3.9.12/Frameworks/Python.framework/Versions/3.9/lib/python3.9/asyncio/selector_events.py", line 853, in _read_ready__data_received
    data = self._sock.recv(self.max_size)
ConnectionResetError: [Errno 54] Connection reset by peer

The above exception was the direct cause of the following exception:

Traceback (most recent call last):
  File "/Users/lichenglin/PycharmProjects/PythonProject/crypto-trading-open/core/adapters/exchanges/adapters/backpack_rest.py", line 1036, in get_balances
    data = await self._make_authenticated_request("GET", "/api/v1/capital/collateral")
  File "/Users/lichenglin/PycharmProjects/PythonProject/crypto-trading-open/core/adapters/exchanges/adapters/backpack_rest.py", line 387, in _make_authenticated_request
    async with self.session.request(
  File "/Users/lichenglin/PycharmProjects/PythonProject/crypto-trading-open/env/lib/python3.9/site-packages/aiohttp/client.py", line 1187, in __aenter__
    self._resp = await self._coro
  File "/Users/lichenglin/PycharmProjects/PythonProject/crypto-trading-open/env/lib/python3.9/site-packages/aiohttp/client.py", line 574, in _request
    conn = await self._connector.connect(
  File "/Users/lichenglin/PycharmProjects/PythonProject/crypto-trading-open/env/lib/python3.9/site-packages/aiohttp/connector.py", line 544, in connect
    proto = await self._create_connection(req, traces, timeout)
  File "/Users/lichenglin/PycharmProjects/PythonProject/crypto-trading-open/env/lib/python3.9/site-packages/aiohttp/connector.py", line 911, in _create_connection
    _, proto = await self._create_direct_connection(req, traces, timeout)
  File "/Users/lichenglin/PycharmProjects/PythonProject/crypto-trading-open/env/lib/python3.9/site-packages/aiohttp/connector.py", line 1235, in _create_direct_connection
    raise last_exc
  File "/Users/lichenglin/PycharmProjects/PythonProject/crypto-trading-open/env/lib/python3.9/site-packages/aiohttp/connector.py", line 1204, in _create_direct_connection
    transp, proto = await self._wrap_create_connection(
  File "/Users/lichenglin/PycharmProjects/PythonProject/crypto-trading-open/env/lib/python3.9/site-packages/aiohttp/connector.py", line 1000, in _wrap_create_connection
    raise client_error(req.connection_key, exc) from exc
aiohttp.client_exceptions.ClientConnectorError: Cannot connect to host api.backpack.exchange:443 ssl:default [Connection reset by peer]
2026-01-03 15:25:44,345 - ExchangeAdapter.backpack - ERROR - error:116 - 获取持仓失败: Cannot connect to host api.backpack.exchange:443 ssl:default [Connection reset by peer]
2026-01-03 15:25:44,420 - ExchangeAdapter.backpack - ERROR - error:116 - 获取开放订单失败: Cannot connect to host api.backpack.exchange:443 ssl:default [Connection reset by peer]
2026-01-03 15:25:45,118 - ExchangeAdapter.backpack - ERROR - error:116 - 获取开放订单失败: Cannot connect to host api.backpack.exchange:443 ssl:default [Connection reset by peer]
2026-01-03 15:25:46,149 - ExchangeAdapter.backpack - ERROR - error:116 - 获取持仓失败: Cannot connect to host api.backpack.exchange:443 ssl:default [Connection reset by peer]
2026-01-03 15:26:11,327 - ExchangeAdapter.backpack - ERROR - error:116 - 获取行情失败 BTC_USDC_PERP: Cannot connect to host api.backpack.exchange:443 ssl:default [Connection reset by peer]
2026-01-03 15:26:11,700 - ExchangeAdapter.backpack - ERROR - error:116 - 获取 BTC_USDC_PERP 订单簿快照失败: Cannot connect to host api.backpack.exchange:443 ssl:default [Connection reset by peer]
2026-01-03 15:26:11,701 - ExchangeAdapter.backpack - ERROR - error:116 - 获取订单簿失败 BTC_USDC_PERP: Cannot connect to host api.backpack.exchange:443 ssl:default [Connection reset by peer]
2026-01-03 15:26:38,977 - ExchangeAdapter.backpack - ERROR - error:116 - 获取持仓失败: Cannot connect to host api.backpack.exchange:443 ssl:default [Connection reset by peer]
2026-01-03 15:26:43,974 - ExchangeAdapter.backpack - ERROR - error:116 - 获取行情失败 BTC_USDC_PERP: Cannot connect to host api.backpack.exchange:443 ssl:default [Connection reset by peer]
2026-01-03 15:26:44,329 - ExchangeAdapter.backpack - ERROR - error:116 - 获取 BTC_USDC_PERP 订单簿快照失败: Cannot connect to host api.backpack.exchange:443 ssl:default [Connection reset by peer]
2026-01-03 15:26:44,330 - ExchangeAdapter.backpack - ERROR - error:116 - 获取订单簿失败 BTC_USDC_PERP: Cannot connect to host api.backpack.exchange:443 ssl:default [Connection reset by peer]
2026-01-03 15:26:46,414 - ExchangeAdapter.backpack - ERROR - error:116 - ❌ [Backpack] 余额查询失败: Cannot connect to host api.backpack.exchange:443 ssl:default [Connection reset by peer]
Traceback (most recent call last):
  File "/Users/lichenglin/PycharmProjects/PythonProject/crypto-trading-open/env/lib/python3.9/site-packages/aiohttp/connector.py", line 992, in _wrap_create_connection
    return await self._loop.create_connection(*args, **kwargs)
  File "/usr/local/Cellar/python@3.9/3.9.12/Frameworks/Python.framework/Versions/3.9/lib/python3.9/asyncio/base_events.py", line 1090, in create_connection
    transport, protocol = await self._create_connection_transport(
  File "/usr/local/Cellar/python@3.9/3.9.12/Frameworks/Python.framework/Versions/3.9/lib/python3.9/asyncio/base_events.py", line 1120, in _create_connection_transport
    await waiter
  File "/usr/local/Cellar/python@3.9/3.9.12/Frameworks/Python.framework/Versions/3.9/lib/python3.9/asyncio/selector_events.py", line 853, in _read_ready__data_received
    data = self._sock.recv(self.max_size)
ConnectionResetError: [Errno 54] Connection reset by peer

The above exception was the direct cause of the following exception:

Traceback (most recent call last):
  File "/Users/lichenglin/PycharmProjects/PythonProject/crypto-trading-open/core/adapters/exchanges/adapters/backpack_rest.py", line 1036, in get_balances
    data = await self._make_authenticated_request("GET", "/api/v1/capital/collateral")
  File "/Users/lichenglin/PycharmProjects/PythonProject/crypto-trading-open/core/adapters/exchanges/adapters/backpack_rest.py", line 387, in _make_authenticated_request
    async with self.session.request(
  File "/Users/lichenglin/PycharmProjects/PythonProject/crypto-trading-open/env/lib/python3.9/site-packages/aiohttp/client.py", line 1187, in __aenter__
    self._resp = await self._coro
  File "/Users/lichenglin/PycharmProjects/PythonProject/crypto-trading-open/env/lib/python3.9/site-packages/aiohttp/client.py", line 574, in _request
    conn = await self._connector.connect(
  File "/Users/lichenglin/PycharmProjects/PythonProject/crypto-trading-open/env/lib/python3.9/site-packages/aiohttp/connector.py", line 544, in connect
    proto = await self._create_connection(req, traces, timeout)
  File "/Users/lichenglin/PycharmProjects/PythonProject/crypto-trading-open/env/lib/python3.9/site-packages/aiohttp/connector.py", line 911, in _create_connection
    _, proto = await self._create_direct_connection(req, traces, timeout)
  File "/Users/lichenglin/PycharmProjects/PythonProject/crypto-trading-open/env/lib/python3.9/site-packages/aiohttp/connector.py", line 1235, in _create_direct_connection
    raise last_exc
  File "/Users/lichenglin/PycharmProjects/PythonProject/crypto-trading-open/env/lib/python3.9/site-packages/aiohttp/connector.py", line 1204, in _create_direct_connection
    transp, proto = await self._wrap_create_connection(
  File "/Users/lichenglin/PycharmProjects/PythonProject/crypto-trading-open/env/lib/python3.9/site-packages/aiohttp/connector.py", line 1000, in _wrap_create_connection
    raise client_error(req.connection_key, exc) from exc
aiohttp.client_exceptions.ClientConnectorError: Cannot connect to host api.backpack.exchange:443 ssl:default [Connection reset by peer]
2026-01-03 15:27:14,575 - ExchangeAdapter.backpack - ERROR - error:116 - 获取行情失败 BTC_USDC_PERP: Cannot connect to host api.backpack.exchange:443 ssl:default [Connection reset by peer]
2026-01-03 15:27:16,812 - ExchangeAdapter.backpack - ERROR - error:116 - 获取 BTC_USDC_PERP 订单簿快照失败: Cannot connect to host api.backpack.exchange:443 ssl:default [Connection reset by peer]
2026-01-03 15:27:16,812 - ExchangeAdapter.backpack - ERROR - error:116 - 获取订单簿失败 BTC_USDC_PERP: Cannot connect to host api.backpack.exchange:443 ssl:default [Connection reset by peer]
2026-01-03 15:27:41,466 - ExchangeAdapter.backpack - ERROR - error:116 - 获取持仓失败: Cannot connect to host api.backpack.exchange:443 ssl:default [Connection reset by peer]
2026-01-03 15:27:46,658 - ExchangeAdapter.backpack - ERROR - error:116 - ❌ [Backpack] 余额查询失败: Cannot connect to host api.backpack.exchange:443 ssl:default [Connection reset by peer]
Traceback (most recent call last):
  File "/Users/lichenglin/PycharmProjects/PythonProject/crypto-trading-open/env/lib/python3.9/site-packages/aiohttp/connector.py", line 992, in _wrap_create_connection
    return await self._loop.create_connection(*args, **kwargs)
  File "/usr/local/Cellar/python@3.9/3.9.12/Frameworks/Python.framework/Versions/3.9/lib/python3.9/asyncio/base_events.py", line 1090, in create_connection
    transport, protocol = await self._create_connection_transport(
  File "/usr/local/Cellar/python@3.9/3.9.12/Frameworks/Python.framework/Versions/3.9/lib/python3.9/asyncio/base_events.py", line 1120, in _create_connection_transport
    await waiter
  File "/usr/local/Cellar/python@3.9/3.9.12/Frameworks/Python.framework/Versions/3.9/lib/python3.9/asyncio/selector_events.py", line 853, in _read_ready__data_received
    data = self._sock.recv(self.max_size)
ConnectionResetError: [Errno 54] Connection reset by peer

The above exception was the direct cause of the following exception:

Traceback (most recent call last):
  File "/Users/lichenglin/PycharmProjects/PythonProject/crypto-trading-open/core/adapters/exchanges/adapters/backpack_rest.py", line 1036, in get_balances
    data = await self._make_authenticated_request("GET", "/api/v1/capital/collateral")
  File "/Users/lichenglin/PycharmProjects/PythonProject/crypto-trading-open/core/adapters/exchanges/adapters/backpack_rest.py", line 387, in _make_authenticated_request
    async with self.session.request(
  File "/Users/lichenglin/PycharmProjects/PythonProject/crypto-trading-open/env/lib/python3.9/site-packages/aiohttp/client.py", line 1187, in __aenter__
    self._resp = await self._coro
  File "/Users/lichenglin/PycharmProjects/PythonProject/crypto-trading-open/env/lib/python3.9/site-packages/aiohttp/client.py", line 574, in _request
    conn = await self._connector.connect(
  File "/Users/lichenglin/PycharmProjects/PythonProject/crypto-trading-open/env/lib/python3.9/site-packages/aiohttp/connector.py", line 544, in connect
    proto = await self._create_connection(req, traces, timeout)
  File "/Users/lichenglin/PycharmProjects/PythonProject/crypto-trading-open/env/lib/python3.9/site-packages/aiohttp/connector.py", line 911, in _create_connection
    _, proto = await self._create_direct_connection(req, traces, timeout)
  File "/Users/lichenglin/PycharmProjects/PythonProject/crypto-trading-open/env/lib/python3.9/site-packages/aiohttp/connector.py", line 1235, in _create_direct_connection
    raise last_exc
  File "/Users/lichenglin/PycharmProjects/PythonProject/crypto-trading-open/env/lib/python3.9/site-packages/aiohttp/connector.py", line 1204, in _create_direct_connection
    transp, proto = await self._wrap_create_connection(
  File "/Users/lichenglin/PycharmProjects/PythonProject/crypto-trading-open/env/lib/python3.9/site-packages/aiohttp/connector.py", line 1000, in _wrap_create_connection
    raise client_error(req.connection_key, exc) from exc
aiohttp.client_exceptions.ClientConnectorError: Cannot connect to host api.backpack.exchange:443 ssl:default [Connection reset by peer]
2026-01-03 15:27:47,178 - ExchangeAdapter.backpack - ERROR - error:116 - 获取行情失败 BTC_USDC_PERP: Cannot connect to host api.backpack.exchange:443 ssl:default [Connection reset by peer]
2026-01-03 15:27:47,469 - ExchangeAdapter.backpack - ERROR - error:116 - 获取 BTC_USDC_PERP 订单簿快照失败: Cannot connect to host api.backpack.exchange:443 ssl:default [Connection reset by peer]
2026-01-03 15:27:47,470 - ExchangeAdapter.backpack - ERROR - error:116 - 获取订单簿失败 BTC_USDC_PERP: Cannot connect to host api.backpack.exchange:443 ssl:default [Connection reset by peer]
2026-01-03 15:28:17,730 - ExchangeAdapter.backpack - ERROR - error:116 - 获取行情失败 BTC_USDC_PERP: Cannot connect to host api.backpack.exchange:443 ssl:default [Connection reset by peer]
2026-01-03 15:28:17,979 - ExchangeAdapter.backpack - ERROR - error:116 - 获取 BTC_USDC_PERP 订单簿快照失败: Cannot connect to host api.backpack.exchange:443 ssl:default [Connection reset by peer]
2026-01-03 15:28:17,979 - ExchangeAdapter.backpack - ERROR - error:116 - 获取订单簿失败 BTC_USDC_PERP: Cannot connect to host api.backpack.exchange:443 ssl:default [Connection reset by peer]
2026-01-03 15:28:42,793 - ExchangeAdapter.backpack - ERROR - error:116 - 获取持仓失败: Cannot connect to host api.backpack.exchange:443 ssl:default [Connection reset by peer]
2026-01-03 15:28:47,012 - ExchangeAdapter.backpack - ERROR - error:116 - ❌ [Backpack] 余额查询失败: Cannot connect to host api.backpack.exchange:443 ssl:default [Connection reset by peer]
Traceback (most recent call last):
  File "/Users/lichenglin/PycharmProjects/PythonProject/crypto-trading-open/env/lib/python3.9/site-packages/aiohttp/connector.py", line 992, in _wrap_create_connection
    return await self._loop.create_connection(*args, **kwargs)
  File "/usr/local/Cellar/python@3.9/3.9.12/Frameworks/Python.framework/Versions/3.9/lib/python3.9/asyncio/base_events.py", line 1090, in create_connection
    transport, protocol = await self._create_connection_transport(
  File "/usr/local/Cellar/python@3.9/3.9.12/Frameworks/Python.framework/Versions/3.9/lib/python3.9/asyncio/base_events.py", line 1120, in _create_connection_transport
    await waiter
  File "/usr/local/Cellar/python@3.9/3.9.12/Frameworks/Python.framework/Versions/3.9/lib/python3.9/asyncio/selector_events.py", line 853, in _read_ready__data_received
    data = self._sock.recv(self.max_size)
ConnectionResetError: [Errno 54] Connection reset by peer

The above exception was the direct cause of the following exception:

Traceback (most recent call last):
  File "/Users/lichenglin/PycharmProjects/PythonProject/crypto-trading-open/core/adapters/exchanges/adapters/backpack_rest.py", line 1036, in get_balances
    data = await self._make_authenticated_request("GET", "/api/v1/capital/collateral")
  File "/Users/lichenglin/PycharmProjects/PythonProject/crypto-trading-open/core/adapters/exchanges/adapters/backpack_rest.py", line 387, in _make_authenticated_request
    async with self.session.request(
  File "/Users/lichenglin/PycharmProjects/PythonProject/crypto-trading-open/env/lib/python3.9/site-packages/aiohttp/client.py", line 1187, in __aenter__
    self._resp = await self._coro
  File "/Users/lichenglin/PycharmProjects/PythonProject/crypto-trading-open/env/lib/python3.9/site-packages/aiohttp/client.py", line 574, in _request
    conn = await self._connector.connect(
  File "/Users/lichenglin/PycharmProjects/PythonProject/crypto-trading-open/env/lib/python3.9/site-packages/aiohttp/connector.py", line 544, in connect
    proto = await self._create_connection(req, traces, timeout)
  File "/Users/lichenglin/PycharmProjects/PythonProject/crypto-trading-open/env/lib/python3.9/site-packages/aiohttp/connector.py", line 911, in _create_connection
    _, proto = await self._create_direct_connection(req, traces, timeout)
  File "/Users/lichenglin/PycharmProjects/PythonProject/crypto-trading-open/env/lib/python3.9/site-packages/aiohttp/connector.py", line 1235, in _create_direct_connection
    raise last_exc
  File "/Users/lichenglin/PycharmProjects/PythonProject/crypto-trading-open/env/lib/python3.9/site-packages/aiohttp/connector.py", line 1204, in _create_direct_connection
    transp, proto = await self._wrap_create_connection(
  File "/Users/lichenglin/PycharmProjects/PythonProject/crypto-trading-open/env/lib/python3.9/site-packages/aiohttp/connector.py", line 1000, in _wrap_create_connection
    raise client_error(req.connection_key, exc) from exc
aiohttp.client_exceptions.ClientConnectorError: Cannot connect to host api.backpack.exchange:443 ssl:default [Connection reset by peer]
2026-01-03 15:28:48,258 - ExchangeAdapter.backpack - ERROR - error:116 - 获取行情失败 BTC_USDC_PERP: Cannot connect to host api.backpack.exchange:443 ssl:default [Connection reset by peer]
2026-01-03 15:28:49,526 - ExchangeAdapter.backpack - ERROR - error:116 - 获取 BTC_USDC_PERP 订单簿快照失败: Cannot connect to host api.backpack.exchange:443 ssl:default [Connection reset by peer]
2026-01-03 15:28:49,527 - ExchangeAdapter.backpack - ERROR - error:116 - 获取订单簿失败 BTC_USDC_PERP: Cannot connect to host api.backpack.exchange:443 ssl:default [Connection reset by peer]
2026-01-03 15:29:20,030 - ExchangeAdapter.backpack - ERROR - error:116 - 获取行情失败 BTC_USDC_PERP: Cannot connect to host api.backpack.exchange:443 ssl:default [Connection reset by peer]
2026-01-03 15:29:20,245 - ExchangeAdapter.backpack - ERROR - error:116 - 获取 BTC_USDC_PERP 订单簿快照失败: Cannot connect to host api.backpack.exchange:443 ssl:default [Connection reset by peer]
2026-01-03 15:29:20,246 - ExchangeAdapter.backpack - ERROR - error:116 - 获取订单簿失败 BTC_USDC_PERP: Cannot connect to host api.backpack.exchange:443 ssl:default [Connection reset by peer]
2026-01-03 15:29:43,140 - ExchangeAdapter.backpack - ERROR - error:116 - 获取持仓失败: Cannot connect to host api.backpack.exchange:443 ssl:default [Connection reset by peer]
2026-01-03 15:29:48,389 - ExchangeAdapter.backpack - ERROR - error:116 - ❌ [Backpack] 余额查询失败: Cannot connect to host api.backpack.exchange:443 ssl:default [Connection reset by peer]
Traceback (most recent call last):
  File "/Users/lichenglin/PycharmProjects/PythonProject/crypto-trading-open/env/lib/python3.9/site-packages/aiohttp/connector.py", line 992, in _wrap_create_connection
    return await self._loop.create_connection(*args, **kwargs)
  File "/usr/local/Cellar/python@3.9/3.9.12/Frameworks/Python.framework/Versions/3.9/lib/python3.9/asyncio/base_events.py", line 1090, in create_connection
    transport, protocol = await self._create_connection_transport(
  File "/usr/local/Cellar/python@3.9/3.9.12/Frameworks/Python.framework/Versions/3.9/lib/python3.9/asyncio/base_events.py", line 1120, in _create_connection_transport
    await waiter
  File "/usr/local/Cellar/python@3.9/3.9.12/Frameworks/Python.framework/Versions/3.9/lib/python3.9/asyncio/selector_events.py", line 853, in _read_ready__data_received
    data = self._sock.recv(self.max_size)
ConnectionResetError: [Errno 54] Connection reset by peer

The above exception was the direct cause of the following exception:

Traceback (most recent call last):
  File "/Users/lichenglin/PycharmProjects/PythonProject/crypto-trading-open/core/adapters/exchanges/adapters/backpack_rest.py", line 1036, in get_balances
    data = await self._make_authenticated_request("GET", "/api/v1/capital/collateral")
  File "/Users/lichenglin/PycharmProjects/PythonProject/crypto-trading-open/core/adapters/exchanges/adapters/backpack_rest.py", line 387, in _make_authenticated_request
    async with self.session.request(
  File "/Users/lichenglin/PycharmProjects/PythonProject/crypto-trading-open/env/lib/python3.9/site-packages/aiohttp/client.py", line 1187, in __aenter__
    self._resp = await self._coro
  File "/Users/lichenglin/PycharmProjects/PythonProject/crypto-trading-open/env/lib/python3.9/site-packages/aiohttp/client.py", line 574, in _request
    conn = await self._connector.connect(
  File "/Users/lichenglin/PycharmProjects/PythonProject/crypto-trading-open/env/lib/python3.9/site-packages/aiohttp/connector.py", line 544, in connect
    proto = await self._create_connection(req, traces, timeout)
  File "/Users/lichenglin/PycharmProjects/PythonProject/crypto-trading-open/env/lib/python3.9/site-packages/aiohttp/connector.py", line 911, in _create_connection
    _, proto = await self._create_direct_connection(req, traces, timeout)
  File "/Users/lichenglin/PycharmProjects/PythonProject/crypto-trading-open/env/lib/python3.9/site-packages/aiohttp/connector.py", line 1235, in _create_direct_connection
    raise last_exc
  File "/Users/lichenglin/PycharmProjects/PythonProject/crypto-trading-open/env/lib/python3.9/site-packages/aiohttp/connector.py", line 1204, in _create_direct_connection
    transp, proto = await self._wrap_create_connection(
  File "/Users/lichenglin/PycharmProjects/PythonProject/crypto-trading-open/env/lib/python3.9/site-packages/aiohttp/connector.py", line 1000, in _wrap_create_connection
    raise client_error(req.connection_key, exc) from exc
aiohttp.client_exceptions.ClientConnectorError: Cannot connect to host api.backpack.exchange:443 ssl:default [Connection reset by peer]
2026-01-03 15:29:50,506 - ExchangeAdapter.backpack - ERROR - error:116 - 获取行情失败 BTC_USDC_PERP: Cannot connect to host api.backpack.exchange:443 ssl:default [Connection reset by peer]
2026-01-03 15:29:50,752 - ExchangeAdapter.backpack - ERROR - error:116 - 获取 BTC_USDC_PERP 订单簿快照失败: Cannot connect to host api.backpack.exchange:443 ssl:default [Connection reset by peer]
2026-01-03 15:29:50,753 - ExchangeAdapter.backpack - ERROR - error:116 - 获取订单簿失败 BTC_USDC_PERP: Cannot connect to host api.backpack.exchange:443 ssl:default [Connection reset by peer]
2026-01-03 15:30:21,017 - ExchangeAdapter.backpack - ERROR - error:116 - 获取行情失败 BTC_USDC_PERP: Cannot connect to host api.backpack.exchange:443 ssl:default [Connection reset by peer]
2026-01-03 15:30:23,378 - ExchangeAdapter.backpack - ERROR - error:116 - 获取 BTC_USDC_PERP 订单簿快照失败: Cannot connect to host api.backpack.exchange:443 ssl:default [Connection reset by peer]
2026-01-03 15:30:23,379 - ExchangeAdapter.backpack - ERROR - error:116 - 获取订单簿失败 BTC_USDC_PERP: Cannot connect to host api.backpack.exchange:443 ssl:default [Connection reset by peer]
2026-01-03 15:30:44,570 - ExchangeAdapter.backpack - ERROR - error:116 - 获取持仓失败: Cannot connect to host api.backpack.exchange:443 ssl:default [Connection reset by peer]
2026-01-03 15:30:48,662 - ExchangeAdapter.backpack - ERROR - error:116 - ❌ [Backpack] 余额查询失败: Cannot connect to host api.backpack.exchange:443 ssl:default [Connection reset by peer]
Traceback (most recent call last):
  File "/Users/lichenglin/PycharmProjects/PythonProject/crypto-trading-open/env/lib/python3.9/site-packages/aiohttp/connector.py", line 992, in _wrap_create_connection
    return await self._loop.create_connection(*args, **kwargs)
  File "/usr/local/Cellar/python@3.9/3.9.12/Frameworks/Python.framework/Versions/3.9/lib/python3.9/asyncio/base_events.py", line 1090, in create_connection
    transport, protocol = await self._create_connection_transport(
  File "/usr/local/Cellar/python@3.9/3.9.12/Frameworks/Python.framework/Versions/3.9/lib/python3.9/asyncio/base_events.py", line 1120, in _create_connection_transport
    await waiter
  File "/usr/local/Cellar/python@3.9/3.9.12/Frameworks/Python.framework/Versions/3.9/lib/python3.9/asyncio/selector_events.py", line 853, in _read_ready__data_received
    data = self._sock.recv(self.max_size)
ConnectionResetError: [Errno 54] Connection reset by peer

The above exception was the direct cause of the following exception:

Traceback (most recent call last):
  File "/Users/lichenglin/PycharmProjects/PythonProject/crypto-trading-open/core/adapters/exchanges/adapters/backpack_rest.py", line 1036, in get_balances
    data = await self._make_authenticated_request("GET", "/api/v1/capital/collateral")
  File "/Users/lichenglin/PycharmProjects/PythonProject/crypto-trading-open/core/adapters/exchanges/adapters/backpack_rest.py", line 387, in _make_authenticated_request
    async with self.session.request(
  File "/Users/lichenglin/PycharmProjects/PythonProject/crypto-trading-open/env/lib/python3.9/site-packages/aiohttp/client.py", line 1187, in __aenter__
    self._resp = await self._coro
  File "/Users/lichenglin/PycharmProjects/PythonProject/crypto-trading-open/env/lib/python3.9/site-packages/aiohttp/client.py", line 574, in _request
    conn = await self._connector.connect(
  File "/Users/lichenglin/PycharmProjects/PythonProject/crypto-trading-open/env/lib/python3.9/site-packages/aiohttp/connector.py", line 544, in connect
    proto = await self._create_connection(req, traces, timeout)
  File "/Users/lichenglin/PycharmProjects/PythonProject/crypto-trading-open/env/lib/python3.9/site-packages/aiohttp/connector.py", line 911, in _create_connection
    _, proto = await self._create_direct_connection(req, traces, timeout)
  File "/Users/lichenglin/PycharmProjects/PythonProject/crypto-trading-open/env/lib/python3.9/site-packages/aiohttp/connector.py", line 1235, in _create_direct_connection
    raise last_exc
  File "/Users/lichenglin/PycharmProjects/PythonProject/crypto-trading-open/env/lib/python3.9/site-packages/aiohttp/connector.py", line 1204, in _create_direct_connection
    transp, proto = await self._wrap_create_connection(
  File "/Users/lichenglin/PycharmProjects/PythonProject/crypto-trading-open/env/lib/python3.9/site-packages/aiohttp/connector.py", line 1000, in _wrap_create_connection
    raise client_error(req.connection_key, exc) from exc
aiohttp.client_exceptions.ClientConnectorError: Cannot connect to host api.backpack.exchange:443 ssl:default [Connection reset by peer]
2026-01-03 15:30:53,680 - ExchangeAdapter.backpack - ERROR - error:116 - 获取行情失败 BTC_USDC_PERP: Cannot connect to host api.backpack.exchange:443 ssl:default [Connection reset by peer]
2026-01-03 15:30:53,912 - ExchangeAdapter.backpack - ERROR - error:116 - 获取 BTC_USDC_PERP 订单簿快照失败: Cannot connect to host api.backpack.exchange:443 ssl:default [Connection reset by peer]
2026-01-03 15:30:53,913 - ExchangeAdapter.backpack - ERROR - error:116 - 获取订单簿失败 BTC_USDC_PERP: Cannot connect to host api.backpack.exchange:443 ssl:default [Connection reset by peer]
2026-01-03 15:31:25,311 - ExchangeAdapter.backpack - ERROR - error:116 - 获取行情失败 BTC_USDC_PERP: Cannot connect to host api.backpack.exchange:443 ssl:default [Connection reset by peer]
2026-01-03 15:31:25,583 - ExchangeAdapter.backpack - ERROR - error:116 - 获取 BTC_USDC_PERP 订单簿快照失败: Cannot connect to host api.backpack.exchange:443 ssl:default [Connection reset by peer]
2026-01-03 15:31:25,584 - ExchangeAdapter.backpack - ERROR - error:116 - 获取订单簿失败 BTC_USDC_PERP: Cannot connect to host api.backpack.exchange:443 ssl:default [Connection reset by peer]
2026-01-03 15:31:45,796 - ExchangeAdapter.backpack - ERROR - error:116 - 获取持仓失败: Cannot connect to host api.backpack.exchange:443 ssl:default [Connection reset by peer]
2026-01-03 15:31:48,832 - ExchangeAdapter.backpack - ERROR - error:116 - ❌ [Backpack] 余额查询失败: Cannot connect to host api.backpack.exchange:443 ssl:default [Connection reset by peer]
Traceback (most recent call last):
  File "/Users/lichenglin/PycharmProjects/PythonProject/crypto-trading-open/env/lib/python3.9/site-packages/aiohttp/connector.py", line 992, in _wrap_create_connection
    return await self._loop.create_connection(*args, **kwargs)
  File "/usr/local/Cellar/python@3.9/3.9.12/Frameworks/Python.framework/Versions/3.9/lib/python3.9/asyncio/base_events.py", line 1090, in create_connection
    transport, protocol = await self._create_connection_transport(
  File "/usr/local/Cellar/python@3.9/3.9.12/Frameworks/Python.framework/Versions/3.9/lib/python3.9/asyncio/base_events.py", line 1120, in _create_connection_transport
    await waiter
  File "/usr/local/Cellar/python@3.9/3.9.12/Frameworks/Python.framework/Versions/3.9/lib/python3.9/asyncio/selector_events.py", line 853, in _read_ready__data_received
    data = self._sock.recv(self.max_size)
ConnectionResetError: [Errno 54] Connection reset by peer

The above exception was the direct cause of the following exception:

Traceback (most recent call last):
  File "/Users/lichenglin/PycharmProjects/PythonProject/crypto-trading-open/core/adapters/exchanges/adapters/backpack_rest.py", line 1036, in get_balances
    data = await self._make_authenticated_request("GET", "/api/v1/capital/collateral")
  File "/Users/lichenglin/PycharmProjects/PythonProject/crypto-trading-open/core/adapters/exchanges/adapters/backpack_rest.py", line 387, in _make_authenticated_request
    async with self.session.request(
  File "/Users/lichenglin/PycharmProjects/PythonProject/crypto-trading-open/env/lib/python3.9/site-packages/aiohttp/client.py", line 1187, in __aenter__
    self._resp = await self._coro
  File "/Users/lichenglin/PycharmProjects/PythonProject/crypto-trading-open/env/lib/python3.9/site-packages/aiohttp/client.py", line 574, in _request
    conn = await self._connector.connect(
  File "/Users/lichenglin/PycharmProjects/PythonProject/crypto-trading-open/env/lib/python3.9/site-packages/aiohttp/connector.py", line 544, in connect
    proto = await self._create_connection(req, traces, timeout)
  File "/Users/lichenglin/PycharmProjects/PythonProject/crypto-trading-open/env/lib/python3.9/site-packages/aiohttp/connector.py", line 911, in _create_connection
    _, proto = await self._create_direct_connection(req, traces, timeout)
  File "/Users/lichenglin/PycharmProjects/PythonProject/crypto-trading-open/env/lib/python3.9/site-packages/aiohttp/connector.py", line 1235, in _create_direct_connection
    raise last_exc
  File "/Users/lichenglin/PycharmProjects/PythonProject/crypto-trading-open/env/lib/python3.9/site-packages/aiohttp/connector.py", line 1204, in _create_direct_connection
    transp, proto = await self._wrap_create_connection(
  File "/Users/lichenglin/PycharmProjects/PythonProject/crypto-trading-open/env/lib/python3.9/site-packages/aiohttp/connector.py", line 1000, in _wrap_create_connection
    raise client_error(req.connection_key, exc) from exc
aiohttp.client_exceptions.ClientConnectorError: Cannot connect to host api.backpack.exchange:443 ssl:default [Connection reset by peer]
2026-01-03 15:31:55,852 - ExchangeAdapter.backpack - ERROR - error:116 - 获取行情失败 BTC_USDC_PERP: Cannot connect to host api.backpack.exchange:443 ssl:default [Connection reset by peer]
2026-01-03 15:31:56,109 - ExchangeAdapter.backpack - ERROR - error:116 - 获取 BTC_USDC_PERP 订单簿快照失败: Cannot connect to host api.backpack.exchange:443 ssl:default [Connection reset by peer]
2026-01-03 15:31:56,109 - ExchangeAdapter.backpack - ERROR - error:116 - 获取订单簿失败 BTC_USDC_PERP: Cannot connect to host api.backpack.exchange:443 ssl:default [Connection reset by peer]
2026-01-03 15:32:26,510 - ExchangeAdapter.backpack - ERROR - error:116 - 获取行情失败 BTC_USDC_PERP: Cannot connect to host api.backpack.exchange:443 ssl:default [Connection reset by peer]
2026-01-03 15:32:26,790 - ExchangeAdapter.backpack - ERROR - error:116 - 获取 BTC_USDC_PERP 订单簿快照失败: Cannot connect to host api.backpack.exchange:443 ssl:default [Connection reset by peer]
2026-01-03 15:32:26,791 - ExchangeAdapter.backpack - ERROR - error:116 - 获取订单簿失败 BTC_USDC_PERP: Cannot connect to host api.backpack.exchange:443 ssl:default [Connection reset by peer]
2026-01-03 15:32:46,096 - ExchangeAdapter.backpack - ERROR - error:116 - 获取持仓失败: Cannot connect to host api.backpack.exchange:443 ssl:default [Connection reset by peer]
2026-01-03 15:32:49,232 - ExchangeAdapter.backpack - ERROR - error:116 - ❌ [Backpack] 余额查询失败: Cannot connect to host api.backpack.exchange:443 ssl:default [Connection reset by peer]
Traceback (most recent call last):
  File "/Users/lichenglin/PycharmProjects/PythonProject/crypto-trading-open/env/lib/python3.9/site-packages/aiohttp/connector.py", line 992, in _wrap_create_connection
    return await self._loop.create_connection(*args, **kwargs)
  File "/usr/local/Cellar/python@3.9/3.9.12/Frameworks/Python.framework/Versions/3.9/lib/python3.9/asyncio/base_events.py", line 1090, in create_connection
    transport, protocol = await self._create_connection_transport(
  File "/usr/local/Cellar/python@3.9/3.9.12/Frameworks/Python.framework/Versions/3.9/lib/python3.9/asyncio/base_events.py", line 1120, in _create_connection_transport
    await waiter
  File "/usr/local/Cellar/python@3.9/3.9.12/Frameworks/Python.framework/Versions/3.9/lib/python3.9/asyncio/selector_events.py", line 853, in _read_ready__data_received
    data = self._sock.recv(self.max_size)
ConnectionResetError: [Errno 54] Connection reset by peer

The above exception was the direct cause of the following exception:

Traceback (most recent call last):
  File "/Users/lichenglin/PycharmProjects/PythonProject/crypto-trading-open/core/adapters/exchanges/adapters/backpack_rest.py", line 1036, in get_balances
    data = await self._make_authenticated_request("GET", "/api/v1/capital/collateral")
  File "/Users/lichenglin/PycharmProjects/PythonProject/crypto-trading-open/core/adapters/exchanges/adapters/backpack_rest.py", line 387, in _make_authenticated_request
    async with self.session.request(
  File "/Users/lichenglin/PycharmProjects/PythonProject/crypto-trading-open/env/lib/python3.9/site-packages/aiohttp/client.py", line 1187, in __aenter__
    self._resp = await self._coro
  File "/Users/lichenglin/PycharmProjects/PythonProject/crypto-trading-open/env/lib/python3.9/site-packages/aiohttp/client.py", line 574, in _request
    conn = await self._connector.connect(
  File "/Users/lichenglin/PycharmProjects/PythonProject/crypto-trading-open/env/lib/python3.9/site-packages/aiohttp/connector.py", line 544, in connect
    proto = await self._create_connection(req, traces, timeout)
  File "/Users/lichenglin/PycharmProjects/PythonProject/crypto-trading-open/env/lib/python3.9/site-packages/aiohttp/connector.py", line 911, in _create_connection
    _, proto = await self._create_direct_connection(req, traces, timeout)
  File "/Users/lichenglin/PycharmProjects/PythonProject/crypto-trading-open/env/lib/python3.9/site-packages/aiohttp/connector.py", line 1235, in _create_direct_connection
    raise last_exc
  File "/Users/lichenglin/PycharmProjects/PythonProject/crypto-trading-open/env/lib/python3.9/site-packages/aiohttp/connector.py", line 1204, in _create_direct_connection
    transp, proto = await self._wrap_create_connection(
  File "/Users/lichenglin/PycharmProjects/PythonProject/crypto-trading-open/env/lib/python3.9/site-packages/aiohttp/connector.py", line 1000, in _wrap_create_connection
    raise client_error(req.connection_key, exc) from exc
aiohttp.client_exceptions.ClientConnectorError: Cannot connect to host api.backpack.exchange:443 ssl:default [Connection reset by peer]
2026-01-03 15:32:57,056 - ExchangeAdapter.backpack - ERROR - error:116 - 获取行情失败 BTC_USDC_PERP: Cannot connect to host api.backpack.exchange:443 ssl:default [Connection reset by peer]
2026-01-03 15:32:57,429 - ExchangeAdapter.backpack - ERROR - error:116 - 获取 BTC_USDC_PERP 订单簿快照失败: Cannot connect to host api.backpack.exchange:443 ssl:default [Connection reset by peer]
2026-01-03 15:32:57,430 - ExchangeAdapter.backpack - ERROR - error:116 - 获取订单簿失败 BTC_USDC_PERP: Cannot connect to host api.backpack.exchange:443 ssl:default [Connection reset by peer]
2026-01-03 15:33:27,675 - ExchangeAdapter.backpack - ERROR - error:116 - 获取行情失败 BTC_USDC_PERP: Cannot connect to host api.backpack.exchange:443 ssl:default [Connection reset by peer]
2026-01-03 15:33:31,109 - ExchangeAdapter.backpack - ERROR - error:116 - 获取 BTC_USDC_PERP 订单簿快照失败: Cannot connect to host api.backpack.exchange:443 ssl:default [Connection reset by peer]
2026-01-03 15:33:31,110 - ExchangeAdapter.backpack - ERROR - error:116 - 获取订单簿失败 BTC_USDC_PERP: Cannot connect to host api.backpack.exchange:443 ssl:default [Connection reset by peer]
2026-01-03 15:33:46,660 - ExchangeAdapter.backpack - ERROR - error:116 - 获取持仓失败: Cannot connect to host api.backpack.exchange:443 ssl:default [Connection reset by peer]
2026-01-03 15:33:50,490 - ExchangeAdapter.backpack - ERROR - error:116 - ❌ [Backpack] 余额查询失败: Cannot connect to host api.backpack.exchange:443 ssl:default [Connection reset by peer]
Traceback (most recent call last):
  File "/Users/lichenglin/PycharmProjects/PythonProject/crypto-trading-open/env/lib/python3.9/site-packages/aiohttp/connector.py", line 992, in _wrap_create_connection
    return await self._loop.create_connection(*args, **kwargs)
  File "/usr/local/Cellar/python@3.9/3.9.12/Frameworks/Python.framework/Versions/3.9/lib/python3.9/asyncio/base_events.py", line 1090, in create_connection
    transport, protocol = await self._create_connection_transport(
  File "/usr/local/Cellar/python@3.9/3.9.12/Frameworks/Python.framework/Versions/3.9/lib/python3.9/asyncio/base_events.py", line 1120, in _create_connection_transport
    await waiter
  File "/usr/local/Cellar/python@3.9/3.9.12/Frameworks/Python.framework/Versions/3.9/lib/python3.9/asyncio/selector_events.py", line 853, in _read_ready__data_received
    data = self._sock.recv(self.max_size)
ConnectionResetError: [Errno 54] Connection reset by peer

The above exception was the direct cause of the following exception:

Traceback (most recent call last):
  File "/Users/lichenglin/PycharmProjects/PythonProject/crypto-trading-open/core/adapters/exchanges/adapters/backpack_rest.py", line 1036, in get_balances
    data = await self._make_authenticated_request("GET", "/api/v1/capital/collateral")
  File "/Users/lichenglin/PycharmProjects/PythonProject/crypto-trading-open/core/adapters/exchanges/adapters/backpack_rest.py", line 387, in _make_authenticated_request
    async with self.session.request(
  File "/Users/lichenglin/PycharmProjects/PythonProject/crypto-trading-open/env/lib/python3.9/site-packages/aiohttp/client.py", line 1187, in __aenter__
    self._resp = await self._coro
  File "/Users/lichenglin/PycharmProjects/PythonProject/crypto-trading-open/env/lib/python3.9/site-packages/aiohttp/client.py", line 574, in _request
    conn = await self._connector.connect(
  File "/Users/lichenglin/PycharmProjects/PythonProject/crypto-trading-open/env/lib/python3.9/site-packages/aiohttp/connector.py", line 544, in connect
    proto = await self._create_connection(req, traces, timeout)
  File "/Users/lichenglin/PycharmProjects/PythonProject/crypto-trading-open/env/lib/python3.9/site-packages/aiohttp/connector.py", line 911, in _create_connection
    _, proto = await self._create_direct_connection(req, traces, timeout)
  File "/Users/lichenglin/PycharmProjects/PythonProject/crypto-trading-open/env/lib/python3.9/site-packages/aiohttp/connector.py", line 1235, in _create_direct_connection
    raise last_exc
  File "/Users/lichenglin/PycharmProjects/PythonProject/crypto-trading-open/env/lib/python3.9/site-packages/aiohttp/connector.py", line 1204, in _create_direct_connection
    transp, proto = await self._wrap_create_connection(
  File "/Users/lichenglin/PycharmProjects/PythonProject/crypto-trading-open/env/lib/python3.9/site-packages/aiohttp/connector.py", line 1000, in _wrap_create_connection
    raise client_error(req.connection_key, exc) from exc
aiohttp.client_exceptions.ClientConnectorError: Cannot connect to host api.backpack.exchange:443 ssl:default [Connection reset by peer]
2026-01-03 15:34:01,571 - ExchangeAdapter.backpack - ERROR - error:116 - 获取行情失败 BTC_USDC_PERP: Cannot connect to host api.backpack.exchange:443 ssl:default [Connection reset by peer]
2026-01-03 15:34:01,916 - ExchangeAdapter.backpack - ERROR - error:116 - 获取 BTC_USDC_PERP 订单簿快照失败: Cannot connect to host api.backpack.exchange:443 ssl:default [Connection reset by peer]
2026-01-03 15:34:01,917 - ExchangeAdapter.backpack - ERROR - error:116 - 获取订单簿失败 BTC_USDC_PERP: Cannot connect to host api.backpack.exchange:443 ssl:default [Connection reset by peer]
2026-01-03 15:34:33,313 - ExchangeAdapter.backpack - ERROR - error:116 - 获取行情失败 BTC_USDC_PERP: Cannot connect to host api.backpack.exchange:443 ssl:default [Connection reset by peer]
2026-01-03 15:34:33,555 - ExchangeAdapter.backpack - ERROR - error:116 - 获取 BTC_USDC_PERP 订单簿快照失败: Cannot connect to host api.backpack.exchange:443 ssl:default [Connection reset by peer]
2026-01-03 15:34:33,556 - ExchangeAdapter.backpack - ERROR - error:116 - 获取订单簿失败 BTC_USDC_PERP: Cannot connect to host api.backpack.exchange:443 ssl:default [Connection reset by peer]
2026-01-03 15:34:47,012 - ExchangeAdapter.backpack - ERROR - error:116 - 获取持仓失败: Cannot connect to host api.backpack.exchange:443 ssl:default [Connection reset by peer]
2026-01-03 15:34:51,835 - ExchangeAdapter.backpack - ERROR - error:116 - ❌ [Backpack] 余额查询失败: Cannot connect to host api.backpack.exchange:443 ssl:default [Connection reset by peer]
Traceback (most recent call last):
  File "/Users/lichenglin/PycharmProjects/PythonProject/crypto-trading-open/env/lib/python3.9/site-packages/aiohttp/connector.py", line 992, in _wrap_create_connection
    return await self._loop.create_connection(*args, **kwargs)
  File "/usr/local/Cellar/python@3.9/3.9.12/Frameworks/Python.framework/Versions/3.9/lib/python3.9/asyncio/base_events.py", line 1090, in create_connection
    transport, protocol = await self._create_connection_transport(
  File "/usr/local/Cellar/python@3.9/3.9.12/Frameworks/Python.framework/Versions/3.9/lib/python3.9/asyncio/base_events.py", line 1120, in _create_connection_transport
    await waiter
  File "/usr/local/Cellar/python@3.9/3.9.12/Frameworks/Python.framework/Versions/3.9/lib/python3.9/asyncio/selector_events.py", line 853, in _read_ready__data_received
    data = self._sock.recv(self.max_size)
ConnectionResetError: [Errno 54] Connection reset by peer

The above exception was the direct cause of the following exception:

Traceback (most recent call last):
  File "/Users/lichenglin/PycharmProjects/PythonProject/crypto-trading-open/core/adapters/exchanges/adapters/backpack_rest.py", line 1036, in get_balances
    data = await self._make_authenticated_request("GET", "/api/v1/capital/collateral")
  File "/Users/lichenglin/PycharmProjects/PythonProject/crypto-trading-open/core/adapters/exchanges/adapters/backpack_rest.py", line 387, in _make_authenticated_request
    async with self.session.request(
  File "/Users/lichenglin/PycharmProjects/PythonProject/crypto-trading-open/env/lib/python3.9/site-packages/aiohttp/client.py", line 1187, in __aenter__
    self._resp = await self._coro
  File "/Users/lichenglin/PycharmProjects/PythonProject/crypto-trading-open/env/lib/python3.9/site-packages/aiohttp/client.py", line 574, in _request
    conn = await self._connector.connect(
  File "/Users/lichenglin/PycharmProjects/PythonProject/crypto-trading-open/env/lib/python3.9/site-packages/aiohttp/connector.py", line 544, in connect
    proto = await self._create_connection(req, traces, timeout)
  File "/Users/lichenglin/PycharmProjects/PythonProject/crypto-trading-open/env/lib/python3.9/site-packages/aiohttp/connector.py", line 911, in _create_connection
    _, proto = await self._create_direct_connection(req, traces, timeout)
  File "/Users/lichenglin/PycharmProjects/PythonProject/crypto-trading-open/env/lib/python3.9/site-packages/aiohttp/connector.py", line 1235, in _create_direct_connection
    raise last_exc
  File "/Users/lichenglin/PycharmProjects/PythonProject/crypto-trading-open/env/lib/python3.9/site-packages/aiohttp/connector.py", line 1204, in _create_direct_connection
    transp, proto = await self._wrap_create_connection(
  File "/Users/lichenglin/PycharmProjects/PythonProject/crypto-trading-open/env/lib/python3.9/site-packages/aiohttp/connector.py", line 1000, in _wrap_create_connection
    raise client_error(req.connection_key, exc) from exc
aiohttp.client_exceptions.ClientConnectorError: Cannot connect to host api.backpack.exchange:443 ssl:default [Connection reset by peer]
2026-01-03 15:35:03,964 - ExchangeAdapter.backpack - ERROR - error:116 - 获取行情失败 BTC_USDC_PERP: Cannot connect to host api.backpack.exchange:443 ssl:default [Connection reset by peer]
2026-01-03 15:35:04,227 - ExchangeAdapter.backpack - ERROR - error:116 - 获取 BTC_USDC_PERP 订单簿快照失败: Cannot connect to host api.backpack.exchange:443 ssl:default [Connection reset by peer]
2026-01-03 15:35:04,227 - ExchangeAdapter.backpack - ERROR - error:116 - 获取订单簿失败 BTC_USDC_PERP: Cannot connect to host api.backpack.exchange:443 ssl:default [Connection reset by peer]
2026-01-03 15:35:05,426 - ExchangeAdapter.backpack - INFO - connect:244 - 🔌 [Backpack] 开始建立WebSocket连接...
2026-01-03 15:35:05,861 - ExchangeAdapter.backpack - ERROR - connect:296 - ❌ [Backpack] 建立WebSocket连接失败: Cannot connect to host ws.backpack.exchange:443 ssl:default [Connection reset by peer]
2026-01-03 15:35:05,862 - ExchangeAdapter.backpack - INFO - subscribe_user_data:2012 - 订阅订单更新流: account.orderUpdate (timestamp=1767425705862)
2026-01-03 15:35:05,862 - ExchangeAdapter.backpack - WARNING - _safe_send_message:229 - ⚠️ WebSocket连接不可用，无法发送消息
2026-01-03 15:35:05,863 - ExchangeAdapter.backpack - WARNING - subscribe_user_data:2022 - 发送订单更新订阅消息失败
2026-01-03 15:35:05,863 - ExchangeAdapter.backpack - INFO - subscribe_user_data:2037 - 订阅持仓更新流: account.positionUpdate (timestamp=1767425705863)
2026-01-03 15:35:05,863 - ExchangeAdapter.backpack - WARNING - _safe_send_message:229 - ⚠️ WebSocket连接不可用，无法发送消息
2026-01-03 15:35:05,863 - ExchangeAdapter.backpack - WARNING - subscribe_user_data:2047 - 发送持仓更新订阅消息失败
2026-01-03 15:35:19,150 - ExchangeAdapter.backpack - ERROR - error:116 - 取消所有订单失败: Cannot connect to host api.backpack.exchange:443 ssl:default [Connection reset by peer]
2026-01-03 15:35:19,156 - ExchangeAdapter.backpack - ERROR - error:116 - Traceback (most recent call last):
  File "/usr/local/Cellar/python@3.9/3.9.12/Frameworks/Python.framework/Versions/3.9/lib/python3.9/asyncio/runners.py", line 44, in run
    return loop.run_until_complete(main)
  File "/usr/local/Cellar/python@3.9/3.9.12/Frameworks/Python.framework/Versions/3.9/lib/python3.9/asyncio/base_events.py", line 634, in run_until_complete
    self.run_forever()
  File "/usr/local/Cellar/python@3.9/3.9.12/Frameworks/Python.framework/Versions/3.9/lib/python3.9/asyncio/base_events.py", line 601, in run_forever
    self._run_once()
  File "/usr/local/Cellar/python@3.9/3.9.12/Frameworks/Python.framework/Versions/3.9/lib/python3.9/asyncio/base_events.py", line 1869, in _run_once
    event_list = self._selector.select(timeout)
  File "/usr/local/Cellar/python@3.9/3.9.12/Frameworks/Python.framework/Versions/3.9/lib/python3.9/selectors.py", line 562, in select
    kev_list = self._selector.control(None, max_ev, timeout)
KeyboardInterrupt

During handling of the above exception, another exception occurred:

Traceback (most recent call last):
  File "/Users/lichenglin/PycharmProjects/PythonProject/crypto-trading-open/env/lib/python3.9/site-packages/aiohttp/connector.py", line 992, in _wrap_create_connection
    return await self._loop.create_connection(*args, **kwargs)
  File "/usr/local/Cellar/python@3.9/3.9.12/Frameworks/Python.framework/Versions/3.9/lib/python3.9/asyncio/base_events.py", line 1090, in create_connection
    transport, protocol = await self._create_connection_transport(
  File "/usr/local/Cellar/python@3.9/3.9.12/Frameworks/Python.framework/Versions/3.9/lib/python3.9/asyncio/base_events.py", line 1120, in _create_connection_transport
    await waiter
  File "/usr/local/Cellar/python@3.9/3.9.12/Frameworks/Python.framework/Versions/3.9/lib/python3.9/asyncio/selector_events.py", line 853, in _read_ready__data_received
    data = self._sock.recv(self.max_size)
ConnectionResetError: [Errno 54] Connection reset by peer

The above exception was the direct cause of the following exception:

Traceback (most recent call last):
  File "/Users/lichenglin/PycharmProjects/PythonProject/crypto-trading-open/core/adapters/exchanges/adapters/backpack_rest.py", line 1595, in cancel_all_orders
    response = await self._make_authenticated_request("DELETE", "/api/v1/orders", data=data)
  File "/Users/lichenglin/PycharmProjects/PythonProject/crypto-trading-open/core/adapters/exchanges/adapters/backpack_rest.py", line 387, in _make_authenticated_request
    async with self.session.request(
  File "/Users/lichenglin/PycharmProjects/PythonProject/crypto-trading-open/env/lib/python3.9/site-packages/aiohttp/client.py", line 1187, in __aenter__
    self._resp = await self._coro
  File "/Users/lichenglin/PycharmProjects/PythonProject/crypto-trading-open/env/lib/python3.9/site-packages/aiohttp/client.py", line 574, in _request
    conn = await self._connector.connect(
  File "/Users/lichenglin/PycharmProjects/PythonProject/crypto-trading-open/env/lib/python3.9/site-packages/aiohttp/connector.py", line 544, in connect
    proto = await self._create_connection(req, traces, timeout)
  File "/Users/lichenglin/PycharmProjects/PythonProject/crypto-trading-open/env/lib/python3.9/site-packages/aiohttp/connector.py", line 911, in _create_connection
    _, proto = await self._create_direct_connection(req, traces, timeout)
  File "/Users/lichenglin/PycharmProjects/PythonProject/crypto-trading-open/env/lib/python3.9/site-packages/aiohttp/connector.py", line 1235, in _create_direct_connection
    raise last_exc
  File "/Users/lichenglin/PycharmProjects/PythonProject/crypto-trading-open/env/lib/python3.9/site-packages/aiohttp/connector.py", line 1204, in _create_direct_connection
    transp, proto = await self._wrap_create_connection(
  File "/Users/lichenglin/PycharmProjects/PythonProject/crypto-trading-open/env/lib/python3.9/site-packages/aiohttp/connector.py", line 1000, in _wrap_create_connection
    raise client_error(req.connection_key, exc) from exc
aiohttp.client_exceptions.ClientConnectorError: Cannot connect to host api.backpack.exchange:443 ssl:default [Connection reset by peer]

2026-01-03 15:35:20,370 - ExchangeAdapter.backpack - ERROR - error:116 - 取消所有订单失败: Cannot connect to host api.backpack.exchange:443 ssl:default [Connection reset by peer]
2026-01-03 15:35:20,372 - ExchangeAdapter.backpack - ERROR - error:116 - Traceback (most recent call last):
  File "/usr/local/Cellar/python@3.9/3.9.12/Frameworks/Python.framework/Versions/3.9/lib/python3.9/asyncio/runners.py", line 44, in run
    return loop.run_until_complete(main)
  File "/usr/local/Cellar/python@3.9/3.9.12/Frameworks/Python.framework/Versions/3.9/lib/python3.9/asyncio/base_events.py", line 634, in run_until_complete
    self.run_forever()
  File "/usr/local/Cellar/python@3.9/3.9.12/Frameworks/Python.framework/Versions/3.9/lib/python3.9/asyncio/base_events.py", line 601, in run_forever
    self._run_once()
  File "/usr/local/Cellar/python@3.9/3.9.12/Frameworks/Python.framework/Versions/3.9/lib/python3.9/asyncio/base_events.py", line 1869, in _run_once
    event_list = self._selector.select(timeout)
  File "/usr/local/Cellar/python@3.9/3.9.12/Frameworks/Python.framework/Versions/3.9/lib/python3.9/selectors.py", line 562, in select
    kev_list = self._selector.control(None, max_ev, timeout)
KeyboardInterrupt

During handling of the above exception, another exception occurred:

Traceback (most recent call last):
  File "/Users/lichenglin/PycharmProjects/PythonProject/crypto-trading-open/env/lib/python3.9/site-packages/aiohttp/connector.py", line 992, in _wrap_create_connection
    return await self._loop.create_connection(*args, **kwargs)
  File "/usr/local/Cellar/python@3.9/3.9.12/Frameworks/Python.framework/Versions/3.9/lib/python3.9/asyncio/base_events.py", line 1090, in create_connection
    transport, protocol = await self._create_connection_transport(
  File "/usr/local/Cellar/python@3.9/3.9.12/Frameworks/Python.framework/Versions/3.9/lib/python3.9/asyncio/base_events.py", line 1120, in _create_connection_transport
    await waiter
  File "/usr/local/Cellar/python@3.9/3.9.12/Frameworks/Python.framework/Versions/3.9/lib/python3.9/asyncio/selector_events.py", line 853, in _read_ready__data_received
    data = self._sock.recv(self.max_size)
ConnectionResetError: [Errno 54] Connection reset by peer

The above exception was the direct cause of the following exception:

Traceback (most recent call last):
  File "/Users/lichenglin/PycharmProjects/PythonProject/crypto-trading-open/core/adapters/exchanges/adapters/backpack_rest.py", line 1595, in cancel_all_orders
    response = await self._make_authenticated_request("DELETE", "/api/v1/orders", data=data)
  File "/Users/lichenglin/PycharmProjects/PythonProject/crypto-trading-open/core/adapters/exchanges/adapters/backpack_rest.py", line 387, in _make_authenticated_request
    async with self.session.request(
  File "/Users/lichenglin/PycharmProjects/PythonProject/crypto-trading-open/env/lib/python3.9/site-packages/aiohttp/client.py", line 1187, in __aenter__
    self._resp = await self._coro
  File "/Users/lichenglin/PycharmProjects/PythonProject/crypto-trading-open/env/lib/python3.9/site-packages/aiohttp/client.py", line 574, in _request
    conn = await self._connector.connect(
  File "/Users/lichenglin/PycharmProjects/PythonProject/crypto-trading-open/env/lib/python3.9/site-packages/aiohttp/connector.py", line 544, in connect
    proto = await self._create_connection(req, traces, timeout)
  File "/Users/lichenglin/PycharmProjects/PythonProject/crypto-trading-open/env/lib/python3.9/site-packages/aiohttp/connector.py", line 911, in _create_connection
    _, proto = await self._create_direct_connection(req, traces, timeout)
  File "/Users/lichenglin/PycharmProjects/PythonProject/crypto-trading-open/env/lib/python3.9/site-packages/aiohttp/connector.py", line 1235, in _create_direct_connection
    raise last_exc
  File "/Users/lichenglin/PycharmProjects/PythonProject/crypto-trading-open/env/lib/python3.9/site-packages/aiohttp/connector.py", line 1204, in _create_direct_connection
    transp, proto = await self._wrap_create_connection(
  File "/Users/lichenglin/PycharmProjects/PythonProject/crypto-trading-open/env/lib/python3.9/site-packages/aiohttp/connector.py", line 1000, in _wrap_create_connection
    raise client_error(req.connection_key, exc) from exc
aiohttp.client_exceptions.ClientConnectorError: Cannot connect to host api.backpack.exchange:443 ssl:default [Connection reset by peer]

2026-01-03 15:35:20,374 - ExchangeAdapter.backpack - INFO - info:102 - 正在断开交易所连接...
2026-01-03 15:35:20,375 - ExchangeAdapter.backpack - INFO - disconnect:303 - 🔄 开始断开Backpack WebSocket连接...
2026-01-03 15:35:20,375 - ExchangeAdapter.backpack - INFO - disconnect:336 - 🛑 关闭Backpack session...
2026-01-03 15:35:20,376 - ExchangeAdapter.backpack - INFO - disconnect:343 - ✅ Backpack session已关闭
2026-01-03 15:35:20,376 - ExchangeAdapter.backpack - INFO - disconnect:352 - 🎉 Backpack WebSocket连接断开完成
2026-01-03 15:35:20,376 - ExchangeAdapter.backpack - INFO - info:102 - Backpack REST会话已关闭
2026-01-03 15:35:20,376 - ExchangeAdapter.backpack - INFO - info:102 - Backpack适配器已断开连接
2026-01-03 15:35:20,376 - ExchangeAdapter.backpack - INFO - info:102 - 交易所连接已断开
2026-01-03 15:35:20,376 - ExchangeAdapter.backpack - INFO - info:102 - 交易所适配器已停止: backpack
2026-01-03 15:35:23,425 - ExchangeAdapter.backpack - INFO - info:102 - 初始化交易所适配器: Backpack
2026-01-03 15:35:23,425 - ExchangeAdapter.backpack - INFO - info:102 - ✅ [Backpack] 已注册订单缓存回调，当前回调数量: 1
2026-01-03 15:35:23,455 - ExchangeAdapter.backpack - INFO - info:102 - [Backpack] 订阅管理器: 初始化成功 (模式: dynamic)
2026-01-03 15:35:23,455 - ExchangeAdapter.backpack - INFO - info:102 - 正在连接到交易所...
2026-01-03 15:35:23,455 - ExchangeAdapter.backpack - INFO - info:102 - 测试Backpack API连接并获取市场数据...
2026-01-03 15:35:23,628 - ExchangeAdapter.backpack - ERROR - error:116 - Backpack连接异常: ClientConnectorError: Cannot connect to host api.backpack.exchange:443 ssl:default [Connection reset by peer]
2026-01-03 15:35:23,628 - ExchangeAdapter.backpack - ERROR - error:116 - REST API连接失败
2026-01-03 15:35:23,629 - ExchangeAdapter.backpack - ERROR - error:116 - 交易所连接失败
2026-01-03 15:35:26,861 - ExchangeAdapter.backpack - ERROR - error:116 - 获取开放订单失败: Cannot connect to host api.backpack.exchange:443 ssl:default [Connection reset by peer]
2026-01-03 15:35:28,092 - ExchangeAdapter.backpack - ERROR - error:116 - 获取持仓失败: Cannot connect to host api.backpack.exchange:443 ssl:default [Connection reset by peer]
2026-01-03 15:35:28,094 - ExchangeAdapter.backpack - INFO - info:102 - 正在连接到交易所...
2026-01-03 15:35:28,095 - ExchangeAdapter.backpack - INFO - info:102 - 测试Backpack API连接并获取市场数据...
2026-01-03 15:35:29,314 - ExchangeAdapter.backpack - ERROR - error:116 - Backpack连接异常: ClientConnectorError: Cannot connect to host api.backpack.exchange:443 ssl:default [Connection reset by peer]
2026-01-03 15:35:29,315 - ExchangeAdapter.backpack - ERROR - error:116 - REST API连接失败
2026-01-03 15:35:29,315 - ExchangeAdapter.backpack - ERROR - error:116 - 交易所连接失败
2026-01-03 15:35:29,316 - ExchangeAdapter.backpack - INFO - connect:244 - 🔌 [Backpack] 开始建立WebSocket连接...
2026-01-03 15:35:30,603 - ExchangeAdapter.backpack - ERROR - connect:296 - ❌ [Backpack] 建立WebSocket连接失败: Cannot connect to host ws.backpack.exchange:443 ssl:default [Connection reset by peer]
2026-01-03 15:35:30,606 - ExchangeAdapter.backpack - INFO - subscribe_user_data:2012 - 订阅订单更新流: account.orderUpdate (timestamp=1767425730604)
2026-01-03 15:35:30,606 - ExchangeAdapter.backpack - WARNING - _safe_send_message:229 - ⚠️ WebSocket连接不可用，无法发送消息
2026-01-03 15:35:30,606 - ExchangeAdapter.backpack - WARNING - subscribe_user_data:2022 - 发送订单更新订阅消息失败
2026-01-03 15:35:30,607 - ExchangeAdapter.backpack - INFO - subscribe_user_data:2037 - 订阅持仓更新流: account.positionUpdate (timestamp=1767425730607)
2026-01-03 15:35:30,607 - ExchangeAdapter.backpack - WARNING - _safe_send_message:229 - ⚠️ WebSocket连接不可用，无法发送消息
2026-01-03 15:35:30,608 - ExchangeAdapter.backpack - WARNING - subscribe_user_data:2047 - 发送持仓更新订阅消息失败
2026-01-03 15:35:30,609 - ExchangeAdapter.backpack - INFO - connect:244 - 🔌 [Backpack] 开始建立WebSocket连接...
2026-01-03 15:35:30,870 - ExchangeAdapter.backpack - ERROR - connect:296 - ❌ [Backpack] 建立WebSocket连接失败: Cannot connect to host ws.backpack.exchange:443 ssl:default [Connection reset by peer]
2026-01-03 15:35:30,871 - ExchangeAdapter.backpack - WARNING - _safe_send_message:229 - ⚠️ WebSocket连接不可用，无法发送消息
2026-01-03 15:35:30,872 - ExchangeAdapter.backpack - WARNING - subscribe_ticker:1850 - 发送 BTC_USDC_PERP 订阅消息失败
2026-01-03 15:35:31,113 - ExchangeAdapter.backpack - ERROR - error:116 - 获取行情失败 BTC_USDC_PERP: Cannot connect to host api.backpack.exchange:443 ssl:default [Connection reset by peer]
2026-01-03 15:35:31,367 - ExchangeAdapter.backpack - ERROR - error:116 - 获取 BTC_USDC_PERP 订单簿快照失败: Cannot connect to host api.backpack.exchange:443 ssl:default [Connection reset by peer]
2026-01-03 15:35:31,368 - ExchangeAdapter.backpack - ERROR - error:116 - 获取订单簿失败 BTC_USDC_PERP: Cannot connect to host api.backpack.exchange:443 ssl:default [Connection reset by peer]
2026-01-03 15:35:31,623 - ExchangeAdapter.backpack - ERROR - error:116 - 获取持仓失败: Cannot connect to host api.backpack.exchange:443 ssl:default [Connection reset by peer]
2026-01-03 15:35:31,627 - ExchangeAdapter.backpack - INFO - info:102 - 开始获取Backpack支持的交易对列表...
2026-01-03 15:35:31,628 - ExchangeAdapter.backpack - INFO - info:102 - 开始获取Backpack支持的交易对列表...
2026-01-03 15:35:31,629 - ExchangeAdapter.backpack - INFO - info:102 - 开始获取Backpack支持的交易对列表...
2026-01-03 15:35:31,629 - ExchangeAdapter.backpack - INFO - info:102 - 开始获取Backpack支持的交易对列表...
2026-01-03 15:35:31,630 - ExchangeAdapter.backpack - INFO - info:102 - 开始获取Backpack支持的交易对列表...
2026-01-03 15:35:31,870 - ExchangeAdapter.backpack - ERROR - error:116 - 获取支持的交易对时出错: Cannot connect to host api.backpack.exchange:443 ssl:default [Connection reset by peer]
2026-01-03 15:35:31,871 - ExchangeAdapter.backpack - INFO - info:102 - ✅ 使用默认永续合约交易对列表: 30 个
2026-01-03 15:35:31,871 - ExchangeAdapter.backpack - INFO - info:102 - 📊 交易对类型: 100% 永续合约
2026-01-03 15:35:31,874 - ExchangeAdapter.backpack - ERROR - error:116 - 获取支持的交易对时出错: Cannot connect to host api.backpack.exchange:443 ssl:default [Connection reset by peer]
2026-01-03 15:35:31,875 - ExchangeAdapter.backpack - INFO - info:102 - ✅ 使用默认永续合约交易对列表: 30 个
2026-01-03 15:35:31,875 - ExchangeAdapter.backpack - INFO - info:102 - 📊 交易对类型: 100% 永续合约
2026-01-03 15:35:31,877 - ExchangeAdapter.backpack - ERROR - error:116 - 获取支持的交易对时出错: Cannot connect to host api.backpack.exchange:443 ssl:default [Connection reset by peer]
2026-01-03 15:35:31,877 - ExchangeAdapter.backpack - INFO - info:102 - ✅ 使用默认永续合约交易对列表: 30 个
2026-01-03 15:35:31,877 - ExchangeAdapter.backpack - INFO - info:102 - 📊 交易对类型: 100% 永续合约
2026-01-03 15:35:31,910 - ExchangeAdapter.backpack - ERROR - error:116 - 获取支持的交易对时出错: Cannot connect to host api.backpack.exchange:443 ssl:default [Connection reset by peer]
2026-01-03 15:35:31,911 - ExchangeAdapter.backpack - INFO - info:102 - ✅ 使用默认永续合约交易对列表: 30 个
2026-01-03 15:35:31,912 - ExchangeAdapter.backpack - INFO - info:102 - 📊 交易对类型: 100% 永续合约
2026-01-03 15:35:31,980 - ExchangeAdapter.backpack - ERROR - error:116 - 创建订单失败: Cannot connect to host api.backpack.exchange:443 ssl:default [Connection reset by peer]
2026-01-03 15:35:31,981 - ExchangeAdapter.backpack - ERROR - error:116 - 异常类型: ClientConnectorError
2026-01-03 15:35:31,981 - ExchangeAdapter.backpack - ERROR - error:116 - 订单数据: {'symbol': 'BTC_USDC_PERP', 'side': 'Bid', 'orderType': 'Limit', 'quantity': '0.002', 'price': '90000'}
2026-01-03 15:35:31,989 - ExchangeAdapter.backpack - ERROR - error:116 - 异常堆栈: Traceback (most recent call last):
  File "/Users/lichenglin/PycharmProjects/PythonProject/crypto-trading-open/env/lib/python3.9/site-packages/aiohttp/connector.py", line 992, in _wrap_create_connection
    return await self._loop.create_connection(*args, **kwargs)
  File "/usr/local/Cellar/python@3.9/3.9.12/Frameworks/Python.framework/Versions/3.9/lib/python3.9/asyncio/base_events.py", line 1090, in create_connection
    transport, protocol = await self._create_connection_transport(
  File "/usr/local/Cellar/python@3.9/3.9.12/Frameworks/Python.framework/Versions/3.9/lib/python3.9/asyncio/base_events.py", line 1120, in _create_connection_transport
    await waiter
  File "/usr/local/Cellar/python@3.9/3.9.12/Frameworks/Python.framework/Versions/3.9/lib/python3.9/asyncio/selector_events.py", line 853, in _read_ready__data_received
    data = self._sock.recv(self.max_size)
ConnectionResetError: [Errno 54] Connection reset by peer

The above exception was the direct cause of the following exception:

Traceback (most recent call last):
  File "/Users/lichenglin/PycharmProjects/PythonProject/crypto-trading-open/core/adapters/exchanges/adapters/backpack_rest.py", line 1498, in create_order
    response = await self._make_authenticated_request("POST", "/api/v1/order", data=order_data)
  File "/Users/lichenglin/PycharmProjects/PythonProject/crypto-trading-open/core/adapters/exchanges/adapters/backpack_rest.py", line 387, in _make_authenticated_request
    async with self.session.request(
  File "/Users/lichenglin/PycharmProjects/PythonProject/crypto-trading-open/env/lib/python3.9/site-packages/aiohttp/client.py", line 1187, in __aenter__
    self._resp = await self._coro
  File "/Users/lichenglin/PycharmProjects/PythonProject/crypto-trading-open/env/lib/python3.9/site-packages/aiohttp/client.py", line 574, in _request
    conn = await self._connector.connect(
  File "/Users/lichenglin/PycharmProjects/PythonProject/crypto-trading-open/env/lib/python3.9/site-packages/aiohttp/connector.py", line 544, in connect
    proto = await self._create_connection(req, traces, timeout)
  File "/Users/lichenglin/PycharmProjects/PythonProject/crypto-trading-open/env/lib/python3.9/site-packages/aiohttp/connector.py", line 911, in _create_connection
    _, proto = await self._create_direct_connection(req, traces, timeout)
  File "/Users/lichenglin/PycharmProjects/PythonProject/crypto-trading-open/env/lib/python3.9/site-packages/aiohttp/connector.py", line 1235, in _create_direct_connection
    raise last_exc
  File "/Users/lichenglin/PycharmProjects/PythonProject/crypto-trading-open/env/lib/python3.9/site-packages/aiohttp/connector.py", line 1204, in _create_direct_connection
    transp, proto = await self._wrap_create_connection(
  File "/Users/lichenglin/PycharmProjects/PythonProject/crypto-trading-open/env/lib/python3.9/site-packages/aiohttp/connector.py", line 1000, in _wrap_create_connection
    raise client_error(req.connection_key, exc) from exc
aiohttp.client_exceptions.ClientConnectorError: Cannot connect to host api.backpack.exchange:443 ssl:default [Connection reset by peer]

2026-01-03 15:35:32,018 - ExchangeAdapter.backpack - ERROR - error:116 - 创建订单失败: Cannot connect to host api.backpack.exchange:443 ssl:default [Connection reset by peer]
2026-01-03 15:35:32,019 - ExchangeAdapter.backpack - ERROR - error:116 - 异常类型: ClientConnectorError
2026-01-03 15:35:32,019 - ExchangeAdapter.backpack - ERROR - error:116 - 订单数据: {'symbol': 'BTC_USDC_PERP', 'side': 'Bid', 'orderType': 'Limit', 'quantity': '0.002', 'price': '86000'}
2026-01-03 15:35:32,020 - ExchangeAdapter.backpack - ERROR - error:116 - 异常堆栈: Traceback (most recent call last):
  File "/Users/lichenglin/PycharmProjects/PythonProject/crypto-trading-open/env/lib/python3.9/site-packages/aiohttp/connector.py", line 992, in _wrap_create_connection
    return await self._loop.create_connection(*args, **kwargs)
  File "/usr/local/Cellar/python@3.9/3.9.12/Frameworks/Python.framework/Versions/3.9/lib/python3.9/asyncio/base_events.py", line 1090, in create_connection
    transport, protocol = await self._create_connection_transport(
  File "/usr/local/Cellar/python@3.9/3.9.12/Frameworks/Python.framework/Versions/3.9/lib/python3.9/asyncio/base_events.py", line 1120, in _create_connection_transport
    await waiter
  File "/usr/local/Cellar/python@3.9/3.9.12/Frameworks/Python.framework/Versions/3.9/lib/python3.9/asyncio/selector_events.py", line 853, in _read_ready__data_received
    data = self._sock.recv(self.max_size)
ConnectionResetError: [Errno 54] Connection reset by peer

The above exception was the direct cause of the following exception:

Traceback (most recent call last):
  File "/Users/lichenglin/PycharmProjects/PythonProject/crypto-trading-open/core/adapters/exchanges/adapters/backpack_rest.py", line 1498, in create_order
    response = await self._make_authenticated_request("POST", "/api/v1/order", data=order_data)
  File "/Users/lichenglin/PycharmProjects/PythonProject/crypto-trading-open/core/adapters/exchanges/adapters/backpack_rest.py", line 387, in _make_authenticated_request
    async with self.session.request(
  File "/Users/lichenglin/PycharmProjects/PythonProject/crypto-trading-open/env/lib/python3.9/site-packages/aiohttp/client.py", line 1187, in __aenter__
    self._resp = await self._coro
  File "/Users/lichenglin/PycharmProjects/PythonProject/crypto-trading-open/env/lib/python3.9/site-packages/aiohttp/client.py", line 574, in _request
    conn = await self._connector.connect(
  File "/Users/lichenglin/PycharmProjects/PythonProject/crypto-trading-open/env/lib/python3.9/site-packages/aiohttp/connector.py", line 544, in connect
    proto = await self._create_connection(req, traces, timeout)
  File "/Users/lichenglin/PycharmProjects/PythonProject/crypto-trading-open/env/lib/python3.9/site-packages/aiohttp/connector.py", line 911, in _create_connection
    _, proto = await self._create_direct_connection(req, traces, timeout)
  File "/Users/lichenglin/PycharmProjects/PythonProject/crypto-trading-open/env/lib/python3.9/site-packages/aiohttp/connector.py", line 1235, in _create_direct_connection
    raise last_exc
  File "/Users/lichenglin/PycharmProjects/PythonProject/crypto-trading-open/env/lib/python3.9/site-packages/aiohttp/connector.py", line 1204, in _create_direct_connection
    transp, proto = await self._wrap_create_connection(
  File "/Users/lichenglin/PycharmProjects/PythonProject/crypto-trading-open/env/lib/python3.9/site-packages/aiohttp/connector.py", line 1000, in _wrap_create_connection
    raise client_error(req.connection_key, exc) from exc
aiohttp.client_exceptions.ClientConnectorError: Cannot connect to host api.backpack.exchange:443 ssl:default [Connection reset by peer]

2026-01-03 15:35:32,072 - ExchangeAdapter.backpack - ERROR - error:116 - 创建订单失败: Cannot connect to host api.backpack.exchange:443 ssl:default [Connection reset by peer]
2026-01-03 15:35:32,072 - ExchangeAdapter.backpack - ERROR - error:116 - 异常类型: ClientConnectorError
2026-01-03 15:35:32,073 - ExchangeAdapter.backpack - ERROR - error:116 - 订单数据: {'symbol': 'BTC_USDC_PERP', 'side': 'Bid', 'orderType': 'Limit', 'quantity': '0.002', 'price': '88000'}
2026-01-03 15:35:32,074 - ExchangeAdapter.backpack - ERROR - error:116 - 异常堆栈: Traceback (most recent call last):
  File "/Users/lichenglin/PycharmProjects/PythonProject/crypto-trading-open/env/lib/python3.9/site-packages/aiohttp/connector.py", line 992, in _wrap_create_connection
    return await self._loop.create_connection(*args, **kwargs)
  File "/usr/local/Cellar/python@3.9/3.9.12/Frameworks/Python.framework/Versions/3.9/lib/python3.9/asyncio/base_events.py", line 1090, in create_connection
    transport, protocol = await self._create_connection_transport(
  File "/usr/local/Cellar/python@3.9/3.9.12/Frameworks/Python.framework/Versions/3.9/lib/python3.9/asyncio/base_events.py", line 1120, in _create_connection_transport
    await waiter
  File "/usr/local/Cellar/python@3.9/3.9.12/Frameworks/Python.framework/Versions/3.9/lib/python3.9/asyncio/selector_events.py", line 853, in _read_ready__data_received
    data = self._sock.recv(self.max_size)
ConnectionResetError: [Errno 54] Connection reset by peer

The above exception was the direct cause of the following exception:

Traceback (most recent call last):
  File "/Users/lichenglin/PycharmProjects/PythonProject/crypto-trading-open/core/adapters/exchanges/adapters/backpack_rest.py", line 1498, in create_order
    response = await self._make_authenticated_request("POST", "/api/v1/order", data=order_data)
  File "/Users/lichenglin/PycharmProjects/PythonProject/crypto-trading-open/core/adapters/exchanges/adapters/backpack_rest.py", line 387, in _make_authenticated_request
    async with self.session.request(
  File "/Users/lichenglin/PycharmProjects/PythonProject/crypto-trading-open/env/lib/python3.9/site-packages/aiohttp/client.py", line 1187, in __aenter__
    self._resp = await self._coro
  File "/Users/lichenglin/PycharmProjects/PythonProject/crypto-trading-open/env/lib/python3.9/site-packages/aiohttp/client.py", line 574, in _request
    conn = await self._connector.connect(
  File "/Users/lichenglin/PycharmProjects/PythonProject/crypto-trading-open/env/lib/python3.9/site-packages/aiohttp/connector.py", line 544, in connect
    proto = await self._create_connection(req, traces, timeout)
  File "/Users/lichenglin/PycharmProjects/PythonProject/crypto-trading-open/env/lib/python3.9/site-packages/aiohttp/connector.py", line 911, in _create_connection
    _, proto = await self._create_direct_connection(req, traces, timeout)
  File "/Users/lichenglin/PycharmProjects/PythonProject/crypto-trading-open/env/lib/python3.9/site-packages/aiohttp/connector.py", line 1235, in _create_direct_connection
    raise last_exc
  File "/Users/lichenglin/PycharmProjects/PythonProject/crypto-trading-open/env/lib/python3.9/site-packages/aiohttp/connector.py", line 1204, in _create_direct_connection
    transp, proto = await self._wrap_create_connection(
  File "/Users/lichenglin/PycharmProjects/PythonProject/crypto-trading-open/env/lib/python3.9/site-packages/aiohttp/connector.py", line 1000, in _wrap_create_connection
    raise client_error(req.connection_key, exc) from exc
aiohttp.client_exceptions.ClientConnectorError: Cannot connect to host api.backpack.exchange:443 ssl:default [Connection reset by peer]

2026-01-03 15:35:32,105 - ExchangeAdapter.backpack - ERROR - error:116 - 创建订单失败: Cannot connect to host api.backpack.exchange:443 ssl:default [Connection reset by peer]
2026-01-03 15:35:32,105 - ExchangeAdapter.backpack - ERROR - error:116 - 异常类型: ClientConnectorError
2026-01-03 15:35:32,106 - ExchangeAdapter.backpack - ERROR - error:116 - 订单数据: {'symbol': 'BTC_USDC_PERP', 'side': 'Bid', 'orderType': 'Limit', 'quantity': '0.002', 'price': '89000'}
2026-01-03 15:35:32,107 - ExchangeAdapter.backpack - ERROR - error:116 - 异常堆栈: Traceback (most recent call last):
  File "/Users/lichenglin/PycharmProjects/PythonProject/crypto-trading-open/env/lib/python3.9/site-packages/aiohttp/connector.py", line 992, in _wrap_create_connection
    return await self._loop.create_connection(*args, **kwargs)
  File "/usr/local/Cellar/python@3.9/3.9.12/Frameworks/Python.framework/Versions/3.9/lib/python3.9/asyncio/base_events.py", line 1090, in create_connection
    transport, protocol = await self._create_connection_transport(
  File "/usr/local/Cellar/python@3.9/3.9.12/Frameworks/Python.framework/Versions/3.9/lib/python3.9/asyncio/base_events.py", line 1120, in _create_connection_transport
    await waiter
  File "/usr/local/Cellar/python@3.9/3.9.12/Frameworks/Python.framework/Versions/3.9/lib/python3.9/asyncio/selector_events.py", line 853, in _read_ready__data_received
    data = self._sock.recv(self.max_size)
ConnectionResetError: [Errno 54] Connection reset by peer

The above exception was the direct cause of the following exception:

Traceback (most recent call last):
  File "/Users/lichenglin/PycharmProjects/PythonProject/crypto-trading-open/core/adapters/exchanges/adapters/backpack_rest.py", line 1498, in create_order
    response = await self._make_authenticated_request("POST", "/api/v1/order", data=order_data)
  File "/Users/lichenglin/PycharmProjects/PythonProject/crypto-trading-open/core/adapters/exchanges/adapters/backpack_rest.py", line 387, in _make_authenticated_request
    async with self.session.request(
  File "/Users/lichenglin/PycharmProjects/PythonProject/crypto-trading-open/env/lib/python3.9/site-packages/aiohttp/client.py", line 1187, in __aenter__
    self._resp = await self._coro
  File "/Users/lichenglin/PycharmProjects/PythonProject/crypto-trading-open/env/lib/python3.9/site-packages/aiohttp/client.py", line 574, in _request
    conn = await self._connector.connect(
  File "/Users/lichenglin/PycharmProjects/PythonProject/crypto-trading-open/env/lib/python3.9/site-packages/aiohttp/connector.py", line 544, in connect
    proto = await self._create_connection(req, traces, timeout)
  File "/Users/lichenglin/PycharmProjects/PythonProject/crypto-trading-open/env/lib/python3.9/site-packages/aiohttp/connector.py", line 911, in _create_connection
    _, proto = await self._create_direct_connection(req, traces, timeout)
  File "/Users/lichenglin/PycharmProjects/PythonProject/crypto-trading-open/env/lib/python3.9/site-packages/aiohttp/connector.py", line 1235, in _create_direct_connection
    raise last_exc
  File "/Users/lichenglin/PycharmProjects/PythonProject/crypto-trading-open/env/lib/python3.9/site-packages/aiohttp/connector.py", line 1204, in _create_direct_connection
    transp, proto = await self._wrap_create_connection(
  File "/Users/lichenglin/PycharmProjects/PythonProject/crypto-trading-open/env/lib/python3.9/site-packages/aiohttp/connector.py", line 1000, in _wrap_create_connection
    raise client_error(req.connection_key, exc) from exc
aiohttp.client_exceptions.ClientConnectorError: Cannot connect to host api.backpack.exchange:443 ssl:default [Connection reset by peer]

2026-01-03 15:35:32,851 - ExchangeAdapter.backpack - ERROR - error:116 - 获取支持的交易对时出错: Cannot connect to host api.backpack.exchange:443 ssl:default [Connection reset by peer]
2026-01-03 15:35:32,852 - ExchangeAdapter.backpack - INFO - info:102 - ✅ 使用默认永续合约交易对列表: 30 个
2026-01-03 15:35:32,853 - ExchangeAdapter.backpack - INFO - info:102 - 📊 交易对类型: 100% 永续合约
2026-01-03 15:35:33,021 - ExchangeAdapter.backpack - ERROR - error:116 - 创建订单失败: Cannot connect to host api.backpack.exchange:443 ssl:default [Connection reset by peer]
2026-01-03 15:35:33,022 - ExchangeAdapter.backpack - ERROR - error:116 - 异常类型: ClientConnectorError
2026-01-03 15:35:33,022 - ExchangeAdapter.backpack - ERROR - error:116 - 订单数据: {'symbol': 'BTC_USDC_PERP', 'side': 'Bid', 'orderType': 'Limit', 'quantity': '0.002', 'price': '87000'}
2026-01-03 15:35:33,023 - ExchangeAdapter.backpack - ERROR - error:116 - 异常堆栈: Traceback (most recent call last):
  File "/Users/lichenglin/PycharmProjects/PythonProject/crypto-trading-open/env/lib/python3.9/site-packages/aiohttp/connector.py", line 992, in _wrap_create_connection
    return await self._loop.create_connection(*args, **kwargs)
  File "/usr/local/Cellar/python@3.9/3.9.12/Frameworks/Python.framework/Versions/3.9/lib/python3.9/asyncio/base_events.py", line 1090, in create_connection
    transport, protocol = await self._create_connection_transport(
  File "/usr/local/Cellar/python@3.9/3.9.12/Frameworks/Python.framework/Versions/3.9/lib/python3.9/asyncio/base_events.py", line 1120, in _create_connection_transport
    await waiter
  File "/usr/local/Cellar/python@3.9/3.9.12/Frameworks/Python.framework/Versions/3.9/lib/python3.9/asyncio/selector_events.py", line 853, in _read_ready__data_received
    data = self._sock.recv(self.max_size)
ConnectionResetError: [Errno 54] Connection reset by peer

The above exception was the direct cause of the following exception:

Traceback (most recent call last):
  File "/Users/lichenglin/PycharmProjects/PythonProject/crypto-trading-open/core/adapters/exchanges/adapters/backpack_rest.py", line 1498, in create_order
    response = await self._make_authenticated_request("POST", "/api/v1/order", data=order_data)
  File "/Users/lichenglin/PycharmProjects/PythonProject/crypto-trading-open/core/adapters/exchanges/adapters/backpack_rest.py", line 387, in _make_authenticated_request
    async with self.session.request(
  File "/Users/lichenglin/PycharmProjects/PythonProject/crypto-trading-open/env/lib/python3.9/site-packages/aiohttp/client.py", line 1187, in __aenter__
    self._resp = await self._coro
  File "/Users/lichenglin/PycharmProjects/PythonProject/crypto-trading-open/env/lib/python3.9/site-packages/aiohttp/client.py", line 574, in _request
    conn = await self._connector.connect(
  File "/Users/lichenglin/PycharmProjects/PythonProject/crypto-trading-open/env/lib/python3.9/site-packages/aiohttp/connector.py", line 544, in connect
    proto = await self._create_connection(req, traces, timeout)
  File "/Users/lichenglin/PycharmProjects/PythonProject/crypto-trading-open/env/lib/python3.9/site-packages/aiohttp/connector.py", line 911, in _create_connection
    _, proto = await self._create_direct_connection(req, traces, timeout)
  File "/Users/lichenglin/PycharmProjects/PythonProject/crypto-trading-open/env/lib/python3.9/site-packages/aiohttp/connector.py", line 1235, in _create_direct_connection
    raise last_exc
  File "/Users/lichenglin/PycharmProjects/PythonProject/crypto-trading-open/env/lib/python3.9/site-packages/aiohttp/connector.py", line 1204, in _create_direct_connection
    transp, proto = await self._wrap_create_connection(
  File "/Users/lichenglin/PycharmProjects/PythonProject/crypto-trading-open/env/lib/python3.9/site-packages/aiohttp/connector.py", line 1000, in _wrap_create_connection
    raise client_error(req.connection_key, exc) from exc
aiohttp.client_exceptions.ClientConnectorError: Cannot connect to host api.backpack.exchange:443 ssl:default [Connection reset by peer]

2026-01-03 15:35:34,027 - ExchangeAdapter.backpack - INFO - info:102 - 开始获取Backpack支持的交易对列表...
2026-01-03 15:35:34,029 - ExchangeAdapter.backpack - INFO - info:102 - 开始获取Backpack支持的交易对列表...
2026-01-03 15:35:34,029 - ExchangeAdapter.backpack - INFO - info:102 - 开始获取Backpack支持的交易对列表...
2026-01-03 15:35:34,030 - ExchangeAdapter.backpack - INFO - info:102 - 开始获取Backpack支持的交易对列表...
2026-01-03 15:35:34,030 - ExchangeAdapter.backpack - INFO - info:102 - 开始获取Backpack支持的交易对列表...
2026-01-03 15:35:34,239 - ExchangeAdapter.backpack - ERROR - error:116 - 获取支持的交易对时出错: Cannot connect to host api.backpack.exchange:443 ssl:default [Connection reset by peer]
2026-01-03 15:35:34,240 - ExchangeAdapter.backpack - INFO - info:102 - ✅ 使用默认永续合约交易对列表: 30 个
2026-01-03 15:35:34,240 - ExchangeAdapter.backpack - INFO - info:102 - 📊 交易对类型: 100% 永续合约
2026-01-03 15:35:34,286 - ExchangeAdapter.backpack - ERROR - error:116 - 获取支持的交易对时出错: Cannot connect to host api.backpack.exchange:443 ssl:default [Connection reset by peer]
2026-01-03 15:35:34,286 - ExchangeAdapter.backpack - INFO - info:102 - ✅ 使用默认永续合约交易对列表: 30 个
2026-01-03 15:35:34,286 - ExchangeAdapter.backpack - INFO - info:102 - 📊 交易对类型: 100% 永续合约
2026-01-03 15:35:34,289 - ExchangeAdapter.backpack - ERROR - error:116 - 获取支持的交易对时出错: Cannot connect to host api.backpack.exchange:443 ssl:default [Connection reset by peer]
2026-01-03 15:35:34,289 - ExchangeAdapter.backpack - INFO - info:102 - ✅ 使用默认永续合约交易对列表: 30 个
2026-01-03 15:35:34,289 - ExchangeAdapter.backpack - INFO - info:102 - 📊 交易对类型: 100% 永续合约
2026-01-03 15:35:34,342 - ExchangeAdapter.backpack - ERROR - error:116 - 获取支持的交易对时出错: Cannot connect to host api.backpack.exchange:443 ssl:default [Connection reset by peer]
2026-01-03 15:35:34,343 - ExchangeAdapter.backpack - INFO - info:102 - ✅ 使用默认永续合约交易对列表: 30 个
2026-01-03 15:35:34,343 - ExchangeAdapter.backpack - INFO - info:102 - 📊 交易对类型: 100% 永续合约
2026-01-03 15:35:34,476 - ExchangeAdapter.backpack - ERROR - error:116 - 创建订单失败: Cannot connect to host api.backpack.exchange:443 ssl:default [Connection reset by peer]
2026-01-03 15:35:34,476 - ExchangeAdapter.backpack - ERROR - error:116 - 异常类型: ClientConnectorError
2026-01-03 15:35:34,477 - ExchangeAdapter.backpack - ERROR - error:116 - 订单数据: {'symbol': 'BTC_USDC_PERP', 'side': 'Bid', 'orderType': 'Limit', 'quantity': '0.002', 'price': '88000'}
2026-01-03 15:35:34,478 - ExchangeAdapter.backpack - ERROR - error:116 - 异常堆栈: Traceback (most recent call last):
  File "/Users/lichenglin/PycharmProjects/PythonProject/crypto-trading-open/env/lib/python3.9/site-packages/aiohttp/connector.py", line 992, in _wrap_create_connection
    return await self._loop.create_connection(*args, **kwargs)
  File "/usr/local/Cellar/python@3.9/3.9.12/Frameworks/Python.framework/Versions/3.9/lib/python3.9/asyncio/base_events.py", line 1090, in create_connection
    transport, protocol = await self._create_connection_transport(
  File "/usr/local/Cellar/python@3.9/3.9.12/Frameworks/Python.framework/Versions/3.9/lib/python3.9/asyncio/base_events.py", line 1120, in _create_connection_transport
    await waiter
  File "/usr/local/Cellar/python@3.9/3.9.12/Frameworks/Python.framework/Versions/3.9/lib/python3.9/asyncio/selector_events.py", line 853, in _read_ready__data_received
    data = self._sock.recv(self.max_size)
ConnectionResetError: [Errno 54] Connection reset by peer

The above exception was the direct cause of the following exception:

Traceback (most recent call last):
  File "/Users/lichenglin/PycharmProjects/PythonProject/crypto-trading-open/core/adapters/exchanges/adapters/backpack_rest.py", line 1498, in create_order
    response = await self._make_authenticated_request("POST", "/api/v1/order", data=order_data)
  File "/Users/lichenglin/PycharmProjects/PythonProject/crypto-trading-open/core/adapters/exchanges/adapters/backpack_rest.py", line 387, in _make_authenticated_request
    async with self.session.request(
  File "/Users/lichenglin/PycharmProjects/PythonProject/crypto-trading-open/env/lib/python3.9/site-packages/aiohttp/client.py", line 1187, in __aenter__
    self._resp = await self._coro
  File "/Users/lichenglin/PycharmProjects/PythonProject/crypto-trading-open/env/lib/python3.9/site-packages/aiohttp/client.py", line 574, in _request
    conn = await self._connector.connect(
  File "/Users/lichenglin/PycharmProjects/PythonProject/crypto-trading-open/env/lib/python3.9/site-packages/aiohttp/connector.py", line 544, in connect
    proto = await self._create_connection(req, traces, timeout)
  File "/Users/lichenglin/PycharmProjects/PythonProject/crypto-trading-open/env/lib/python3.9/site-packages/aiohttp/connector.py", line 911, in _create_connection
    _, proto = await self._create_direct_connection(req, traces, timeout)
  File "/Users/lichenglin/PycharmProjects/PythonProject/crypto-trading-open/env/lib/python3.9/site-packages/aiohttp/connector.py", line 1235, in _create_direct_connection
    raise last_exc
  File "/Users/lichenglin/PycharmProjects/PythonProject/crypto-trading-open/env/lib/python3.9/site-packages/aiohttp/connector.py", line 1204, in _create_direct_connection
    transp, proto = await self._wrap_create_connection(
  File "/Users/lichenglin/PycharmProjects/PythonProject/crypto-trading-open/env/lib/python3.9/site-packages/aiohttp/connector.py", line 1000, in _wrap_create_connection
    raise client_error(req.connection_key, exc) from exc
aiohttp.client_exceptions.ClientConnectorError: Cannot connect to host api.backpack.exchange:443 ssl:default [Connection reset by peer]

2026-01-03 15:35:34,481 - ExchangeAdapter.backpack - ERROR - error:116 - 创建订单失败: Cannot connect to host api.backpack.exchange:443 ssl:default [Connection reset by peer]
2026-01-03 15:35:34,481 - ExchangeAdapter.backpack - ERROR - error:116 - 异常类型: ClientConnectorError
2026-01-03 15:35:34,481 - ExchangeAdapter.backpack - ERROR - error:116 - 订单数据: {'symbol': 'BTC_USDC_PERP', 'side': 'Bid', 'orderType': 'Limit', 'quantity': '0.002', 'price': '87000'}
2026-01-03 15:35:34,482 - ExchangeAdapter.backpack - ERROR - error:116 - 异常堆栈: Traceback (most recent call last):
  File "/Users/lichenglin/PycharmProjects/PythonProject/crypto-trading-open/env/lib/python3.9/site-packages/aiohttp/connector.py", line 992, in _wrap_create_connection
    return await self._loop.create_connection(*args, **kwargs)
  File "/usr/local/Cellar/python@3.9/3.9.12/Frameworks/Python.framework/Versions/3.9/lib/python3.9/asyncio/base_events.py", line 1090, in create_connection
    transport, protocol = await self._create_connection_transport(
  File "/usr/local/Cellar/python@3.9/3.9.12/Frameworks/Python.framework/Versions/3.9/lib/python3.9/asyncio/base_events.py", line 1120, in _create_connection_transport
    await waiter
  File "/usr/local/Cellar/python@3.9/3.9.12/Frameworks/Python.framework/Versions/3.9/lib/python3.9/asyncio/selector_events.py", line 853, in _read_ready__data_received
    data = self._sock.recv(self.max_size)
ConnectionResetError: [Errno 54] Connection reset by peer

The above exception was the direct cause of the following exception:

Traceback (most recent call last):
  File "/Users/lichenglin/PycharmProjects/PythonProject/crypto-trading-open/core/adapters/exchanges/adapters/backpack_rest.py", line 1498, in create_order
    response = await self._make_authenticated_request("POST", "/api/v1/order", data=order_data)
  File "/Users/lichenglin/PycharmProjects/PythonProject/crypto-trading-open/core/adapters/exchanges/adapters/backpack_rest.py", line 387, in _make_authenticated_request
    async with self.session.request(
  File "/Users/lichenglin/PycharmProjects/PythonProject/crypto-trading-open/env/lib/python3.9/site-packages/aiohttp/client.py", line 1187, in __aenter__
    self._resp = await self._coro
  File "/Users/lichenglin/PycharmProjects/PythonProject/crypto-trading-open/env/lib/python3.9/site-packages/aiohttp/client.py", line 574, in _request
    conn = await self._connector.connect(
  File "/Users/lichenglin/PycharmProjects/PythonProject/crypto-trading-open/env/lib/python3.9/site-packages/aiohttp/connector.py", line 544, in connect
    proto = await self._create_connection(req, traces, timeout)
  File "/Users/lichenglin/PycharmProjects/PythonProject/crypto-trading-open/env/lib/python3.9/site-packages/aiohttp/connector.py", line 911, in _create_connection
    _, proto = await self._create_direct_connection(req, traces, timeout)
  File "/Users/lichenglin/PycharmProjects/PythonProject/crypto-trading-open/env/lib/python3.9/site-packages/aiohttp/connector.py", line 1235, in _create_direct_connection
    raise last_exc
  File "/Users/lichenglin/PycharmProjects/PythonProject/crypto-trading-open/env/lib/python3.9/site-packages/aiohttp/connector.py", line 1204, in _create_direct_connection
    transp, proto = await self._wrap_create_connection(
  File "/Users/lichenglin/PycharmProjects/PythonProject/crypto-trading-open/env/lib/python3.9/site-packages/aiohttp/connector.py", line 1000, in _wrap_create_connection
    raise client_error(req.connection_key, exc) from exc
aiohttp.client_exceptions.ClientConnectorError: Cannot connect to host api.backpack.exchange:443 ssl:default [Connection reset by peer]

2026-01-03 15:35:34,523 - ExchangeAdapter.backpack - ERROR - error:116 - 创建订单失败: Cannot connect to host api.backpack.exchange:443 ssl:default [Connection reset by peer]
2026-01-03 15:35:34,523 - ExchangeAdapter.backpack - ERROR - error:116 - 异常类型: ClientConnectorError
2026-01-03 15:35:34,523 - ExchangeAdapter.backpack - ERROR - error:116 - 订单数据: {'symbol': 'BTC_USDC_PERP', 'side': 'Bid', 'orderType': 'Limit', 'quantity': '0.002', 'price': '89000'}
2026-01-03 15:35:34,524 - ExchangeAdapter.backpack - ERROR - error:116 - 异常堆栈: Traceback (most recent call last):
  File "/Users/lichenglin/PycharmProjects/PythonProject/crypto-trading-open/env/lib/python3.9/site-packages/aiohttp/connector.py", line 992, in _wrap_create_connection
    return await self._loop.create_connection(*args, **kwargs)
  File "/usr/local/Cellar/python@3.9/3.9.12/Frameworks/Python.framework/Versions/3.9/lib/python3.9/asyncio/base_events.py", line 1090, in create_connection
    transport, protocol = await self._create_connection_transport(
  File "/usr/local/Cellar/python@3.9/3.9.12/Frameworks/Python.framework/Versions/3.9/lib/python3.9/asyncio/base_events.py", line 1120, in _create_connection_transport
    await waiter
  File "/usr/local/Cellar/python@3.9/3.9.12/Frameworks/Python.framework/Versions/3.9/lib/python3.9/asyncio/selector_events.py", line 853, in _read_ready__data_received
    data = self._sock.recv(self.max_size)
ConnectionResetError: [Errno 54] Connection reset by peer

The above exception was the direct cause of the following exception:

Traceback (most recent call last):
  File "/Users/lichenglin/PycharmProjects/PythonProject/crypto-trading-open/core/adapters/exchanges/adapters/backpack_rest.py", line 1498, in create_order
    response = await self._make_authenticated_request("POST", "/api/v1/order", data=order_data)
  File "/Users/lichenglin/PycharmProjects/PythonProject/crypto-trading-open/core/adapters/exchanges/adapters/backpack_rest.py", line 387, in _make_authenticated_request
    async with self.session.request(
  File "/Users/lichenglin/PycharmProjects/PythonProject/crypto-trading-open/env/lib/python3.9/site-packages/aiohttp/client.py", line 1187, in __aenter__
    self._resp = await self._coro
  File "/Users/lichenglin/PycharmProjects/PythonProject/crypto-trading-open/env/lib/python3.9/site-packages/aiohttp/client.py", line 574, in _request
    conn = await self._connector.connect(
  File "/Users/lichenglin/PycharmProjects/PythonProject/crypto-trading-open/env/lib/python3.9/site-packages/aiohttp/connector.py", line 544, in connect
    proto = await self._create_connection(req, traces, timeout)
  File "/Users/lichenglin/PycharmProjects/PythonProject/crypto-trading-open/env/lib/python3.9/site-packages/aiohttp/connector.py", line 911, in _create_connection
    _, proto = await self._create_direct_connection(req, traces, timeout)
  File "/Users/lichenglin/PycharmProjects/PythonProject/crypto-trading-open/env/lib/python3.9/site-packages/aiohttp/connector.py", line 1235, in _create_direct_connection
    raise last_exc
  File "/Users/lichenglin/PycharmProjects/PythonProject/crypto-trading-open/env/lib/python3.9/site-packages/aiohttp/connector.py", line 1204, in _create_direct_connection
    transp, proto = await self._wrap_create_connection(
  File "/Users/lichenglin/PycharmProjects/PythonProject/crypto-trading-open/env/lib/python3.9/site-packages/aiohttp/connector.py", line 1000, in _wrap_create_connection
    raise client_error(req.connection_key, exc) from exc
aiohttp.client_exceptions.ClientConnectorError: Cannot connect to host api.backpack.exchange:443 ssl:default [Connection reset by peer]

2026-01-03 15:35:34,567 - ExchangeAdapter.backpack - ERROR - error:116 - 创建订单失败: Cannot connect to host api.backpack.exchange:443 ssl:default [Connection reset by peer]
2026-01-03 15:35:34,568 - ExchangeAdapter.backpack - ERROR - error:116 - 异常类型: ClientConnectorError
2026-01-03 15:35:34,568 - ExchangeAdapter.backpack - ERROR - error:116 - 订单数据: {'symbol': 'BTC_USDC_PERP', 'side': 'Bid', 'orderType': 'Limit', 'quantity': '0.002', 'price': '90000'}
2026-01-03 15:35:34,569 - ExchangeAdapter.backpack - ERROR - error:116 - 异常堆栈: Traceback (most recent call last):
  File "/Users/lichenglin/PycharmProjects/PythonProject/crypto-trading-open/env/lib/python3.9/site-packages/aiohttp/connector.py", line 992, in _wrap_create_connection
    return await self._loop.create_connection(*args, **kwargs)
  File "/usr/local/Cellar/python@3.9/3.9.12/Frameworks/Python.framework/Versions/3.9/lib/python3.9/asyncio/base_events.py", line 1090, in create_connection
    transport, protocol = await self._create_connection_transport(
  File "/usr/local/Cellar/python@3.9/3.9.12/Frameworks/Python.framework/Versions/3.9/lib/python3.9/asyncio/base_events.py", line 1120, in _create_connection_transport
    await waiter
  File "/usr/local/Cellar/python@3.9/3.9.12/Frameworks/Python.framework/Versions/3.9/lib/python3.9/asyncio/selector_events.py", line 853, in _read_ready__data_received
    data = self._sock.recv(self.max_size)
ConnectionResetError: [Errno 54] Connection reset by peer

The above exception was the direct cause of the following exception:

Traceback (most recent call last):
  File "/Users/lichenglin/PycharmProjects/PythonProject/crypto-trading-open/core/adapters/exchanges/adapters/backpack_rest.py", line 1498, in create_order
    response = await self._make_authenticated_request("POST", "/api/v1/order", data=order_data)
  File "/Users/lichenglin/PycharmProjects/PythonProject/crypto-trading-open/core/adapters/exchanges/adapters/backpack_rest.py", line 387, in _make_authenticated_request
    async with self.session.request(
  File "/Users/lichenglin/PycharmProjects/PythonProject/crypto-trading-open/env/lib/python3.9/site-packages/aiohttp/client.py", line 1187, in __aenter__
    self._resp = await self._coro
  File "/Users/lichenglin/PycharmProjects/PythonProject/crypto-trading-open/env/lib/python3.9/site-packages/aiohttp/client.py", line 574, in _request
    conn = await self._connector.connect(
  File "/Users/lichenglin/PycharmProjects/PythonProject/crypto-trading-open/env/lib/python3.9/site-packages/aiohttp/connector.py", line 544, in connect
    proto = await self._create_connection(req, traces, timeout)
  File "/Users/lichenglin/PycharmProjects/PythonProject/crypto-trading-open/env/lib/python3.9/site-packages/aiohttp/connector.py", line 911, in _create_connection
    _, proto = await self._create_direct_connection(req, traces, timeout)
  File "/Users/lichenglin/PycharmProjects/PythonProject/crypto-trading-open/env/lib/python3.9/site-packages/aiohttp/connector.py", line 1235, in _create_direct_connection
    raise last_exc
  File "/Users/lichenglin/PycharmProjects/PythonProject/crypto-trading-open/env/lib/python3.9/site-packages/aiohttp/connector.py", line 1204, in _create_direct_connection
    transp, proto = await self._wrap_create_connection(
  File "/Users/lichenglin/PycharmProjects/PythonProject/crypto-trading-open/env/lib/python3.9/site-packages/aiohttp/connector.py", line 1000, in _wrap_create_connection
    raise client_error(req.connection_key, exc) from exc
aiohttp.client_exceptions.ClientConnectorError: Cannot connect to host api.backpack.exchange:443 ssl:default [Connection reset by peer]

2026-01-03 15:35:35,235 - ExchangeAdapter.backpack - ERROR - error:116 - 获取支持的交易对时出错: Cannot connect to host api.backpack.exchange:443 ssl:default [Connection reset by peer]
2026-01-03 15:35:35,235 - ExchangeAdapter.backpack - INFO - info:102 - ✅ 使用默认永续合约交易对列表: 30 个
2026-01-03 15:35:35,236 - ExchangeAdapter.backpack - INFO - info:102 - 📊 交易对类型: 100% 永续合约
2026-01-03 15:35:35,480 - ExchangeAdapter.backpack - ERROR - error:116 - 创建订单失败: Cannot connect to host api.backpack.exchange:443 ssl:default [Connection reset by peer]
2026-01-03 15:35:35,481 - ExchangeAdapter.backpack - ERROR - error:116 - 异常类型: ClientConnectorError
2026-01-03 15:35:35,482 - ExchangeAdapter.backpack - ERROR - error:116 - 订单数据: {'symbol': 'BTC_USDC_PERP', 'side': 'Bid', 'orderType': 'Limit', 'quantity': '0.002', 'price': '86000'}
2026-01-03 15:35:35,483 - ExchangeAdapter.backpack - ERROR - error:116 - 异常堆栈: Traceback (most recent call last):
  File "/Users/lichenglin/PycharmProjects/PythonProject/crypto-trading-open/env/lib/python3.9/site-packages/aiohttp/connector.py", line 992, in _wrap_create_connection
    return await self._loop.create_connection(*args, **kwargs)
  File "/usr/local/Cellar/python@3.9/3.9.12/Frameworks/Python.framework/Versions/3.9/lib/python3.9/asyncio/base_events.py", line 1090, in create_connection
    transport, protocol = await self._create_connection_transport(
  File "/usr/local/Cellar/python@3.9/3.9.12/Frameworks/Python.framework/Versions/3.9/lib/python3.9/asyncio/base_events.py", line 1120, in _create_connection_transport
    await waiter
  File "/usr/local/Cellar/python@3.9/3.9.12/Frameworks/Python.framework/Versions/3.9/lib/python3.9/asyncio/selector_events.py", line 853, in _read_ready__data_received
    data = self._sock.recv(self.max_size)
ConnectionResetError: [Errno 54] Connection reset by peer

The above exception was the direct cause of the following exception:

Traceback (most recent call last):
  File "/Users/lichenglin/PycharmProjects/PythonProject/crypto-trading-open/core/adapters/exchanges/adapters/backpack_rest.py", line 1498, in create_order
    response = await self._make_authenticated_request("POST", "/api/v1/order", data=order_data)
  File "/Users/lichenglin/PycharmProjects/PythonProject/crypto-trading-open/core/adapters/exchanges/adapters/backpack_rest.py", line 387, in _make_authenticated_request
    async with self.session.request(
  File "/Users/lichenglin/PycharmProjects/PythonProject/crypto-trading-open/env/lib/python3.9/site-packages/aiohttp/client.py", line 1187, in __aenter__
    self._resp = await self._coro
  File "/Users/lichenglin/PycharmProjects/PythonProject/crypto-trading-open/env/lib/python3.9/site-packages/aiohttp/client.py", line 574, in _request
    conn = await self._connector.connect(
  File "/Users/lichenglin/PycharmProjects/PythonProject/crypto-trading-open/env/lib/python3.9/site-packages/aiohttp/connector.py", line 544, in connect
    proto = await self._create_connection(req, traces, timeout)
  File "/Users/lichenglin/PycharmProjects/PythonProject/crypto-trading-open/env/lib/python3.9/site-packages/aiohttp/connector.py", line 911, in _create_connection
    _, proto = await self._create_direct_connection(req, traces, timeout)
  File "/Users/lichenglin/PycharmProjects/PythonProject/crypto-trading-open/env/lib/python3.9/site-packages/aiohttp/connector.py", line 1235, in _create_direct_connection
    raise last_exc
  File "/Users/lichenglin/PycharmProjects/PythonProject/crypto-trading-open/env/lib/python3.9/site-packages/aiohttp/connector.py", line 1204, in _create_direct_connection
    transp, proto = await self._wrap_create_connection(
  File "/Users/lichenglin/PycharmProjects/PythonProject/crypto-trading-open/env/lib/python3.9/site-packages/aiohttp/connector.py", line 1000, in _wrap_create_connection
    raise client_error(req.connection_key, exc) from exc
aiohttp.client_exceptions.ClientConnectorError: Cannot connect to host api.backpack.exchange:443 ssl:default [Connection reset by peer]

2026-01-03 15:35:37,490 - ExchangeAdapter.backpack - INFO - info:102 - 开始获取Backpack支持的交易对列表...
2026-01-03 15:35:37,491 - ExchangeAdapter.backpack - INFO - info:102 - 开始获取Backpack支持的交易对列表...
2026-01-03 15:35:37,492 - ExchangeAdapter.backpack - INFO - info:102 - 开始获取Backpack支持的交易对列表...
2026-01-03 15:35:37,493 - ExchangeAdapter.backpack - INFO - info:102 - 开始获取Backpack支持的交易对列表...
2026-01-03 15:35:37,493 - ExchangeAdapter.backpack - INFO - info:102 - 开始获取Backpack支持的交易对列表...
2026-01-03 15:35:37,639 - ExchangeAdapter.backpack - ERROR - error:116 - 获取支持的交易对时出错: Cannot connect to host api.backpack.exchange:443 ssl:default [Connection reset by peer]
2026-01-03 15:35:37,640 - ExchangeAdapter.backpack - INFO - info:102 - ✅ 使用默认永续合约交易对列表: 30 个
2026-01-03 15:35:37,640 - ExchangeAdapter.backpack - INFO - info:102 - 📊 交易对类型: 100% 永续合约
2026-01-03 15:35:37,649 - ExchangeAdapter.backpack - ERROR - error:116 - 获取支持的交易对时出错: Cannot connect to host api.backpack.exchange:443 ssl:default [Connection reset by peer]
2026-01-03 15:35:37,649 - ExchangeAdapter.backpack - INFO - info:102 - ✅ 使用默认永续合约交易对列表: 30 个
2026-01-03 15:35:37,650 - ExchangeAdapter.backpack - INFO - info:102 - 📊 交易对类型: 100% 永续合约
2026-01-03 15:35:37,660 - ExchangeAdapter.backpack - ERROR - error:116 - 获取支持的交易对时出错: Cannot connect to host api.backpack.exchange:443 ssl:default [Connection reset by peer]
2026-01-03 15:35:37,660 - ExchangeAdapter.backpack - INFO - info:102 - ✅ 使用默认永续合约交易对列表: 30 个
2026-01-03 15:35:37,661 - ExchangeAdapter.backpack - INFO - info:102 - 📊 交易对类型: 100% 永续合约
2026-01-03 15:35:37,751 - ExchangeAdapter.backpack - ERROR - error:116 - 创建订单失败: Cannot connect to host api.backpack.exchange:443 ssl:default [Connection reset by peer]
2026-01-03 15:35:37,752 - ExchangeAdapter.backpack - ERROR - error:116 - 异常类型: ClientConnectorError
2026-01-03 15:35:37,752 - ExchangeAdapter.backpack - ERROR - error:116 - 订单数据: {'symbol': 'BTC_USDC_PERP', 'side': 'Bid', 'orderType': 'Limit', 'quantity': '0.002', 'price': '88000'}
2026-01-03 15:35:37,753 - ExchangeAdapter.backpack - ERROR - error:116 - 异常堆栈: Traceback (most recent call last):
  File "/Users/lichenglin/PycharmProjects/PythonProject/crypto-trading-open/env/lib/python3.9/site-packages/aiohttp/connector.py", line 992, in _wrap_create_connection
    return await self._loop.create_connection(*args, **kwargs)
  File "/usr/local/Cellar/python@3.9/3.9.12/Frameworks/Python.framework/Versions/3.9/lib/python3.9/asyncio/base_events.py", line 1090, in create_connection
    transport, protocol = await self._create_connection_transport(
  File "/usr/local/Cellar/python@3.9/3.9.12/Frameworks/Python.framework/Versions/3.9/lib/python3.9/asyncio/base_events.py", line 1120, in _create_connection_transport
    await waiter
  File "/usr/local/Cellar/python@3.9/3.9.12/Frameworks/Python.framework/Versions/3.9/lib/python3.9/asyncio/selector_events.py", line 853, in _read_ready__data_received
    data = self._sock.recv(self.max_size)
ConnectionResetError: [Errno 54] Connection reset by peer

The above exception was the direct cause of the following exception:

Traceback (most recent call last):
  File "/Users/lichenglin/PycharmProjects/PythonProject/crypto-trading-open/core/adapters/exchanges/adapters/backpack_rest.py", line 1498, in create_order
    response = await self._make_authenticated_request("POST", "/api/v1/order", data=order_data)
  File "/Users/lichenglin/PycharmProjects/PythonProject/crypto-trading-open/core/adapters/exchanges/adapters/backpack_rest.py", line 387, in _make_authenticated_request
    async with self.session.request(
  File "/Users/lichenglin/PycharmProjects/PythonProject/crypto-trading-open/env/lib/python3.9/site-packages/aiohttp/client.py", line 1187, in __aenter__
    self._resp = await self._coro
  File "/Users/lichenglin/PycharmProjects/PythonProject/crypto-trading-open/env/lib/python3.9/site-packages/aiohttp/client.py", line 574, in _request
    conn = await self._connector.connect(
  File "/Users/lichenglin/PycharmProjects/PythonProject/crypto-trading-open/env/lib/python3.9/site-packages/aiohttp/connector.py", line 544, in connect
    proto = await self._create_connection(req, traces, timeout)
  File "/Users/lichenglin/PycharmProjects/PythonProject/crypto-trading-open/env/lib/python3.9/site-packages/aiohttp/connector.py", line 911, in _create_connection
    _, proto = await self._create_direct_connection(req, traces, timeout)
  File "/Users/lichenglin/PycharmProjects/PythonProject/crypto-trading-open/env/lib/python3.9/site-packages/aiohttp/connector.py", line 1235, in _create_direct_connection
    raise last_exc
  File "/Users/lichenglin/PycharmProjects/PythonProject/crypto-trading-open/env/lib/python3.9/site-packages/aiohttp/connector.py", line 1204, in _create_direct_connection
    transp, proto = await self._wrap_create_connection(
  File "/Users/lichenglin/PycharmProjects/PythonProject/crypto-trading-open/env/lib/python3.9/site-packages/aiohttp/connector.py", line 1000, in _wrap_create_connection
    raise client_error(req.connection_key, exc) from exc
aiohttp.client_exceptions.ClientConnectorError: Cannot connect to host api.backpack.exchange:443 ssl:default [Connection reset by peer]

2026-01-03 15:35:37,789 - ExchangeAdapter.backpack - ERROR - error:116 - 创建订单失败: Cannot connect to host api.backpack.exchange:443 ssl:default [Connection reset by peer]
2026-01-03 15:35:37,790 - ExchangeAdapter.backpack - ERROR - error:116 - 异常类型: ClientConnectorError
2026-01-03 15:35:37,790 - ExchangeAdapter.backpack - ERROR - error:116 - 订单数据: {'symbol': 'BTC_USDC_PERP', 'side': 'Bid', 'orderType': 'Limit', 'quantity': '0.002', 'price': '86000'}
2026-01-03 15:35:37,791 - ExchangeAdapter.backpack - ERROR - error:116 - 异常堆栈: Traceback (most recent call last):
  File "/Users/lichenglin/PycharmProjects/PythonProject/crypto-trading-open/env/lib/python3.9/site-packages/aiohttp/connector.py", line 992, in _wrap_create_connection
    return await self._loop.create_connection(*args, **kwargs)
  File "/usr/local/Cellar/python@3.9/3.9.12/Frameworks/Python.framework/Versions/3.9/lib/python3.9/asyncio/base_events.py", line 1090, in create_connection
    transport, protocol = await self._create_connection_transport(
  File "/usr/local/Cellar/python@3.9/3.9.12/Frameworks/Python.framework/Versions/3.9/lib/python3.9/asyncio/base_events.py", line 1120, in _create_connection_transport
    await waiter
  File "/usr/local/Cellar/python@3.9/3.9.12/Frameworks/Python.framework/Versions/3.9/lib/python3.9/asyncio/selector_events.py", line 853, in _read_ready__data_received
    data = self._sock.recv(self.max_size)
ConnectionResetError: [Errno 54] Connection reset by peer

The above exception was the direct cause of the following exception:

Traceback (most recent call last):
  File "/Users/lichenglin/PycharmProjects/PythonProject/crypto-trading-open/core/adapters/exchanges/adapters/backpack_rest.py", line 1498, in create_order
    response = await self._make_authenticated_request("POST", "/api/v1/order", data=order_data)
  File "/Users/lichenglin/PycharmProjects/PythonProject/crypto-trading-open/core/adapters/exchanges/adapters/backpack_rest.py", line 387, in _make_authenticated_request
    async with self.session.request(
  File "/Users/lichenglin/PycharmProjects/PythonProject/crypto-trading-open/env/lib/python3.9/site-packages/aiohttp/client.py", line 1187, in __aenter__
    self._resp = await self._coro
  File "/Users/lichenglin/PycharmProjects/PythonProject/crypto-trading-open/env/lib/python3.9/site-packages/aiohttp/client.py", line 574, in _request
    conn = await self._connector.connect(
  File "/Users/lichenglin/PycharmProjects/PythonProject/crypto-trading-open/env/lib/python3.9/site-packages/aiohttp/connector.py", line 544, in connect
    proto = await self._create_connection(req, traces, timeout)
  File "/Users/lichenglin/PycharmProjects/PythonProject/crypto-trading-open/env/lib/python3.9/site-packages/aiohttp/connector.py", line 911, in _create_connection
    _, proto = await self._create_direct_connection(req, traces, timeout)
  File "/Users/lichenglin/PycharmProjects/PythonProject/crypto-trading-open/env/lib/python3.9/site-packages/aiohttp/connector.py", line 1235, in _create_direct_connection
    raise last_exc
  File "/Users/lichenglin/PycharmProjects/PythonProject/crypto-trading-open/env/lib/python3.9/site-packages/aiohttp/connector.py", line 1204, in _create_direct_connection
    transp, proto = await self._wrap_create_connection(
  File "/Users/lichenglin/PycharmProjects/PythonProject/crypto-trading-open/env/lib/python3.9/site-packages/aiohttp/connector.py", line 1000, in _wrap_create_connection
    raise client_error(req.connection_key, exc) from exc
aiohttp.client_exceptions.ClientConnectorError: Cannot connect to host api.backpack.exchange:443 ssl:default [Connection reset by peer]

2026-01-03 15:35:37,831 - ExchangeAdapter.backpack - ERROR - error:116 - 创建订单失败: Cannot connect to host api.backpack.exchange:443 ssl:default [Connection reset by peer]
2026-01-03 15:35:37,832 - ExchangeAdapter.backpack - ERROR - error:116 - 异常类型: ClientConnectorError
2026-01-03 15:35:37,832 - ExchangeAdapter.backpack - ERROR - error:116 - 订单数据: {'symbol': 'BTC_USDC_PERP', 'side': 'Bid', 'orderType': 'Limit', 'quantity': '0.002', 'price': '87000'}
2026-01-03 15:35:37,833 - ExchangeAdapter.backpack - ERROR - error:116 - 异常堆栈: Traceback (most recent call last):
  File "/Users/lichenglin/PycharmProjects/PythonProject/crypto-trading-open/env/lib/python3.9/site-packages/aiohttp/connector.py", line 992, in _wrap_create_connection
    return await self._loop.create_connection(*args, **kwargs)
  File "/usr/local/Cellar/python@3.9/3.9.12/Frameworks/Python.framework/Versions/3.9/lib/python3.9/asyncio/base_events.py", line 1090, in create_connection
    transport, protocol = await self._create_connection_transport(
  File "/usr/local/Cellar/python@3.9/3.9.12/Frameworks/Python.framework/Versions/3.9/lib/python3.9/asyncio/base_events.py", line 1120, in _create_connection_transport
    await waiter
  File "/usr/local/Cellar/python@3.9/3.9.12/Frameworks/Python.framework/Versions/3.9/lib/python3.9/asyncio/selector_events.py", line 853, in _read_ready__data_received
    data = self._sock.recv(self.max_size)
ConnectionResetError: [Errno 54] Connection reset by peer

The above exception was the direct cause of the following exception:

Traceback (most recent call last):
  File "/Users/lichenglin/PycharmProjects/PythonProject/crypto-trading-open/core/adapters/exchanges/adapters/backpack_rest.py", line 1498, in create_order
    response = await self._make_authenticated_request("POST", "/api/v1/order", data=order_data)
  File "/Users/lichenglin/PycharmProjects/PythonProject/crypto-trading-open/core/adapters/exchanges/adapters/backpack_rest.py", line 387, in _make_authenticated_request
    async with self.session.request(
  File "/Users/lichenglin/PycharmProjects/PythonProject/crypto-trading-open/env/lib/python3.9/site-packages/aiohttp/client.py", line 1187, in __aenter__
    self._resp = await self._coro
  File "/Users/lichenglin/PycharmProjects/PythonProject/crypto-trading-open/env/lib/python3.9/site-packages/aiohttp/client.py", line 574, in _request
    conn = await self._connector.connect(
  File "/Users/lichenglin/PycharmProjects/PythonProject/crypto-trading-open/env/lib/python3.9/site-packages/aiohttp/connector.py", line 544, in connect
    proto = await self._create_connection(req, traces, timeout)
  File "/Users/lichenglin/PycharmProjects/PythonProject/crypto-trading-open/env/lib/python3.9/site-packages/aiohttp/connector.py", line 911, in _create_connection
    _, proto = await self._create_direct_connection(req, traces, timeout)
  File "/Users/lichenglin/PycharmProjects/PythonProject/crypto-trading-open/env/lib/python3.9/site-packages/aiohttp/connector.py", line 1235, in _create_direct_connection
    raise last_exc
  File "/Users/lichenglin/PycharmProjects/PythonProject/crypto-trading-open/env/lib/python3.9/site-packages/aiohttp/connector.py", line 1204, in _create_direct_connection
    transp, proto = await self._wrap_create_connection(
  File "/Users/lichenglin/PycharmProjects/PythonProject/crypto-trading-open/env/lib/python3.9/site-packages/aiohttp/connector.py", line 1000, in _wrap_create_connection
    raise client_error(req.connection_key, exc) from exc
aiohttp.client_exceptions.ClientConnectorError: Cannot connect to host api.backpack.exchange:443 ssl:default [Connection reset by peer]

2026-01-03 15:35:38,697 - ExchangeAdapter.backpack - ERROR - error:116 - 获取支持的交易对时出错: Cannot connect to host api.backpack.exchange:443 ssl:default [Connection reset by peer]
2026-01-03 15:35:38,697 - ExchangeAdapter.backpack - INFO - info:102 - ✅ 使用默认永续合约交易对列表: 30 个
2026-01-03 15:35:38,698 - ExchangeAdapter.backpack - INFO - info:102 - 📊 交易对类型: 100% 永续合约
2026-01-03 15:35:38,876 - ExchangeAdapter.backpack - ERROR - error:116 - 创建订单失败: Cannot connect to host api.backpack.exchange:443 ssl:default [Connection reset by peer]
2026-01-03 15:35:38,877 - ExchangeAdapter.backpack - ERROR - error:116 - 异常类型: ClientConnectorError
2026-01-03 15:35:38,877 - ExchangeAdapter.backpack - ERROR - error:116 - 订单数据: {'symbol': 'BTC_USDC_PERP', 'side': 'Bid', 'orderType': 'Limit', 'quantity': '0.002', 'price': '90000'}
2026-01-03 15:35:38,878 - ExchangeAdapter.backpack - ERROR - error:116 - 异常堆栈: Traceback (most recent call last):
  File "/Users/lichenglin/PycharmProjects/PythonProject/crypto-trading-open/env/lib/python3.9/site-packages/aiohttp/connector.py", line 992, in _wrap_create_connection
    return await self._loop.create_connection(*args, **kwargs)
  File "/usr/local/Cellar/python@3.9/3.9.12/Frameworks/Python.framework/Versions/3.9/lib/python3.9/asyncio/base_events.py", line 1090, in create_connection
    transport, protocol = await self._create_connection_transport(
  File "/usr/local/Cellar/python@3.9/3.9.12/Frameworks/Python.framework/Versions/3.9/lib/python3.9/asyncio/base_events.py", line 1120, in _create_connection_transport
    await waiter
  File "/usr/local/Cellar/python@3.9/3.9.12/Frameworks/Python.framework/Versions/3.9/lib/python3.9/asyncio/selector_events.py", line 853, in _read_ready__data_received
    data = self._sock.recv(self.max_size)
ConnectionResetError: [Errno 54] Connection reset by peer

The above exception was the direct cause of the following exception:

Traceback (most recent call last):
  File "/Users/lichenglin/PycharmProjects/PythonProject/crypto-trading-open/core/adapters/exchanges/adapters/backpack_rest.py", line 1498, in create_order
    response = await self._make_authenticated_request("POST", "/api/v1/order", data=order_data)
  File "/Users/lichenglin/PycharmProjects/PythonProject/crypto-trading-open/core/adapters/exchanges/adapters/backpack_rest.py", line 387, in _make_authenticated_request
    async with self.session.request(
  File "/Users/lichenglin/PycharmProjects/PythonProject/crypto-trading-open/env/lib/python3.9/site-packages/aiohttp/client.py", line 1187, in __aenter__
    self._resp = await self._coro
  File "/Users/lichenglin/PycharmProjects/PythonProject/crypto-trading-open/env/lib/python3.9/site-packages/aiohttp/client.py", line 574, in _request
    conn = await self._connector.connect(
  File "/Users/lichenglin/PycharmProjects/PythonProject/crypto-trading-open/env/lib/python3.9/site-packages/aiohttp/connector.py", line 544, in connect
    proto = await self._create_connection(req, traces, timeout)
  File "/Users/lichenglin/PycharmProjects/PythonProject/crypto-trading-open/env/lib/python3.9/site-packages/aiohttp/connector.py", line 911, in _create_connection
    _, proto = await self._create_direct_connection(req, traces, timeout)
  File "/Users/lichenglin/PycharmProjects/PythonProject/crypto-trading-open/env/lib/python3.9/site-packages/aiohttp/connector.py", line 1235, in _create_direct_connection
    raise last_exc
  File "/Users/lichenglin/PycharmProjects/PythonProject/crypto-trading-open/env/lib/python3.9/site-packages/aiohttp/connector.py", line 1204, in _create_direct_connection
    transp, proto = await self._wrap_create_connection(
  File "/Users/lichenglin/PycharmProjects/PythonProject/crypto-trading-open/env/lib/python3.9/site-packages/aiohttp/connector.py", line 1000, in _wrap_create_connection
    raise client_error(req.connection_key, exc) from exc
aiohttp.client_exceptions.ClientConnectorError: Cannot connect to host api.backpack.exchange:443 ssl:default [Connection reset by peer]

2026-01-03 15:35:41,657 - ExchangeAdapter.backpack - ERROR - error:116 - 取消所有订单失败: Cannot connect to host api.backpack.exchange:443 ssl:default [Connection reset by peer]
2026-01-03 15:35:41,660 - ExchangeAdapter.backpack - ERROR - error:116 - Traceback (most recent call last):
  File "/usr/local/Cellar/python@3.9/3.9.12/Frameworks/Python.framework/Versions/3.9/lib/python3.9/asyncio/runners.py", line 44, in run
    return loop.run_until_complete(main)
  File "/usr/local/Cellar/python@3.9/3.9.12/Frameworks/Python.framework/Versions/3.9/lib/python3.9/asyncio/base_events.py", line 634, in run_until_complete
    self.run_forever()
  File "/usr/local/Cellar/python@3.9/3.9.12/Frameworks/Python.framework/Versions/3.9/lib/python3.9/asyncio/base_events.py", line 601, in run_forever
    self._run_once()
  File "/usr/local/Cellar/python@3.9/3.9.12/Frameworks/Python.framework/Versions/3.9/lib/python3.9/asyncio/base_events.py", line 1869, in _run_once
    event_list = self._selector.select(timeout)
  File "/usr/local/Cellar/python@3.9/3.9.12/Frameworks/Python.framework/Versions/3.9/lib/python3.9/selectors.py", line 562, in select
    kev_list = self._selector.control(None, max_ev, timeout)
KeyboardInterrupt

During handling of the above exception, another exception occurred:

Traceback (most recent call last):
  File "/Users/lichenglin/PycharmProjects/PythonProject/crypto-trading-open/env/lib/python3.9/site-packages/aiohttp/connector.py", line 992, in _wrap_create_connection
    return await self._loop.create_connection(*args, **kwargs)
  File "/usr/local/Cellar/python@3.9/3.9.12/Frameworks/Python.framework/Versions/3.9/lib/python3.9/asyncio/base_events.py", line 1090, in create_connection
    transport, protocol = await self._create_connection_transport(
  File "/usr/local/Cellar/python@3.9/3.9.12/Frameworks/Python.framework/Versions/3.9/lib/python3.9/asyncio/base_events.py", line 1120, in _create_connection_transport
    await waiter
  File "/usr/local/Cellar/python@3.9/3.9.12/Frameworks/Python.framework/Versions/3.9/lib/python3.9/asyncio/selector_events.py", line 853, in _read_ready__data_received
    data = self._sock.recv(self.max_size)
ConnectionResetError: [Errno 54] Connection reset by peer

The above exception was the direct cause of the following exception:

Traceback (most recent call last):
  File "/Users/lichenglin/PycharmProjects/PythonProject/crypto-trading-open/core/adapters/exchanges/adapters/backpack_rest.py", line 1595, in cancel_all_orders
    response = await self._make_authenticated_request("DELETE", "/api/v1/orders", data=data)
  File "/Users/lichenglin/PycharmProjects/PythonProject/crypto-trading-open/core/adapters/exchanges/adapters/backpack_rest.py", line 387, in _make_authenticated_request
    async with self.session.request(
  File "/Users/lichenglin/PycharmProjects/PythonProject/crypto-trading-open/env/lib/python3.9/site-packages/aiohttp/client.py", line 1187, in __aenter__
    self._resp = await self._coro
  File "/Users/lichenglin/PycharmProjects/PythonProject/crypto-trading-open/env/lib/python3.9/site-packages/aiohttp/client.py", line 574, in _request
    conn = await self._connector.connect(
  File "/Users/lichenglin/PycharmProjects/PythonProject/crypto-trading-open/env/lib/python3.9/site-packages/aiohttp/connector.py", line 544, in connect
    proto = await self._create_connection(req, traces, timeout)
  File "/Users/lichenglin/PycharmProjects/PythonProject/crypto-trading-open/env/lib/python3.9/site-packages/aiohttp/connector.py", line 911, in _create_connection
    _, proto = await self._create_direct_connection(req, traces, timeout)
  File "/Users/lichenglin/PycharmProjects/PythonProject/crypto-trading-open/env/lib/python3.9/site-packages/aiohttp/connector.py", line 1235, in _create_direct_connection
    raise last_exc
  File "/Users/lichenglin/PycharmProjects/PythonProject/crypto-trading-open/env/lib/python3.9/site-packages/aiohttp/connector.py", line 1204, in _create_direct_connection
    transp, proto = await self._wrap_create_connection(
  File "/Users/lichenglin/PycharmProjects/PythonProject/crypto-trading-open/env/lib/python3.9/site-packages/aiohttp/connector.py", line 1000, in _wrap_create_connection
    raise client_error(req.connection_key, exc) from exc
aiohttp.client_exceptions.ClientConnectorError: Cannot connect to host api.backpack.exchange:443 ssl:default [Connection reset by peer]

2026-01-03 15:35:41,756 - ExchangeAdapter.backpack - ERROR - error:116 - 取消所有订单失败: Cannot connect to host api.backpack.exchange:443 ssl:default [Connection reset by peer]
2026-01-03 15:35:41,757 - ExchangeAdapter.backpack - ERROR - error:116 - Traceback (most recent call last):
  File "/usr/local/Cellar/python@3.9/3.9.12/Frameworks/Python.framework/Versions/3.9/lib/python3.9/asyncio/runners.py", line 44, in run
    return loop.run_until_complete(main)
  File "/usr/local/Cellar/python@3.9/3.9.12/Frameworks/Python.framework/Versions/3.9/lib/python3.9/asyncio/base_events.py", line 634, in run_until_complete
    self.run_forever()
  File "/usr/local/Cellar/python@3.9/3.9.12/Frameworks/Python.framework/Versions/3.9/lib/python3.9/asyncio/base_events.py", line 601, in run_forever
    self._run_once()
  File "/usr/local/Cellar/python@3.9/3.9.12/Frameworks/Python.framework/Versions/3.9/lib/python3.9/asyncio/base_events.py", line 1869, in _run_once
    event_list = self._selector.select(timeout)
  File "/usr/local/Cellar/python@3.9/3.9.12/Frameworks/Python.framework/Versions/3.9/lib/python3.9/selectors.py", line 562, in select
    kev_list = self._selector.control(None, max_ev, timeout)
KeyboardInterrupt

During handling of the above exception, another exception occurred:

Traceback (most recent call last):
  File "/Users/lichenglin/PycharmProjects/PythonProject/crypto-trading-open/env/lib/python3.9/site-packages/aiohttp/connector.py", line 992, in _wrap_create_connection
    return await self._loop.create_connection(*args, **kwargs)
  File "/usr/local/Cellar/python@3.9/3.9.12/Frameworks/Python.framework/Versions/3.9/lib/python3.9/asyncio/base_events.py", line 1090, in create_connection
    transport, protocol = await self._create_connection_transport(
  File "/usr/local/Cellar/python@3.9/3.9.12/Frameworks/Python.framework/Versions/3.9/lib/python3.9/asyncio/base_events.py", line 1120, in _create_connection_transport
    await waiter
  File "/usr/local/Cellar/python@3.9/3.9.12/Frameworks/Python.framework/Versions/3.9/lib/python3.9/asyncio/selector_events.py", line 853, in _read_ready__data_received
    data = self._sock.recv(self.max_size)
ConnectionResetError: [Errno 54] Connection reset by peer

The above exception was the direct cause of the following exception:

Traceback (most recent call last):
  File "/Users/lichenglin/PycharmProjects/PythonProject/crypto-trading-open/core/adapters/exchanges/adapters/backpack_rest.py", line 1595, in cancel_all_orders
    response = await self._make_authenticated_request("DELETE", "/api/v1/orders", data=data)
  File "/Users/lichenglin/PycharmProjects/PythonProject/crypto-trading-open/core/adapters/exchanges/adapters/backpack_rest.py", line 387, in _make_authenticated_request
    async with self.session.request(
  File "/Users/lichenglin/PycharmProjects/PythonProject/crypto-trading-open/env/lib/python3.9/site-packages/aiohttp/client.py", line 1187, in __aenter__
    self._resp = await self._coro
  File "/Users/lichenglin/PycharmProjects/PythonProject/crypto-trading-open/env/lib/python3.9/site-packages/aiohttp/client.py", line 574, in _request
    conn = await self._connector.connect(
  File "/Users/lichenglin/PycharmProjects/PythonProject/crypto-trading-open/env/lib/python3.9/site-packages/aiohttp/connector.py", line 544, in connect
    proto = await self._create_connection(req, traces, timeout)
  File "/Users/lichenglin/PycharmProjects/PythonProject/crypto-trading-open/env/lib/python3.9/site-packages/aiohttp/connector.py", line 911, in _create_connection
    _, proto = await self._create_direct_connection(req, traces, timeout)
  File "/Users/lichenglin/PycharmProjects/PythonProject/crypto-trading-open/env/lib/python3.9/site-packages/aiohttp/connector.py", line 1235, in _create_direct_connection
    raise last_exc
  File "/Users/lichenglin/PycharmProjects/PythonProject/crypto-trading-open/env/lib/python3.9/site-packages/aiohttp/connector.py", line 1204, in _create_direct_connection
    transp, proto = await self._wrap_create_connection(
  File "/Users/lichenglin/PycharmProjects/PythonProject/crypto-trading-open/env/lib/python3.9/site-packages/aiohttp/connector.py", line 1000, in _wrap_create_connection
    raise client_error(req.connection_key, exc) from exc
aiohttp.client_exceptions.ClientConnectorError: Cannot connect to host api.backpack.exchange:443 ssl:default [Connection reset by peer]

2026-01-03 15:35:41,758 - ExchangeAdapter.backpack - INFO - info:102 - 正在断开交易所连接...
2026-01-03 15:35:41,758 - ExchangeAdapter.backpack - INFO - disconnect:303 - 🔄 开始断开Backpack WebSocket连接...
2026-01-03 15:35:41,759 - ExchangeAdapter.backpack - INFO - disconnect:336 - 🛑 关闭Backpack session...
2026-01-03 15:35:41,759 - ExchangeAdapter.backpack - INFO - disconnect:343 - ✅ Backpack session已关闭
2026-01-03 15:35:41,759 - ExchangeAdapter.backpack - INFO - disconnect:352 - 🎉 Backpack WebSocket连接断开完成
2026-01-03 15:35:41,759 - ExchangeAdapter.backpack - INFO - info:102 - Backpack REST会话已关闭
2026-01-03 15:35:41,760 - ExchangeAdapter.backpack - INFO - info:102 - Backpack适配器已断开连接
2026-01-03 15:35:41,760 - ExchangeAdapter.backpack - INFO - info:102 - 交易所连接已断开
2026-01-03 15:35:41,760 - ExchangeAdapter.backpack - INFO - info:102 - 交易所适配器已停止: backpack
2026-01-03 15:36:55,145 - ExchangeAdapter.backpack - INFO - info:102 - 初始化交易所适配器: Backpack
2026-01-03 15:36:55,145 - ExchangeAdapter.backpack - INFO - info:102 - ✅ [Backpack] 已注册订单缓存回调，当前回调数量: 1
2026-01-03 15:36:55,176 - ExchangeAdapter.backpack - INFO - info:102 - [Backpack] 订阅管理器: 初始化成功 (模式: dynamic)
2026-01-03 15:36:55,176 - ExchangeAdapter.backpack - INFO - info:102 - 正在连接到交易所...
2026-01-03 15:36:55,176 - ExchangeAdapter.backpack - INFO - info:102 - 测试Backpack API连接并获取市场数据...
2026-01-03 15:36:55,561 - ExchangeAdapter.backpack - ERROR - error:116 - Backpack连接异常: ClientConnectorError: Cannot connect to host api.backpack.exchange:443 ssl:default [Connection reset by peer]
2026-01-03 15:36:55,562 - ExchangeAdapter.backpack - ERROR - error:116 - REST API连接失败
2026-01-03 15:36:55,562 - ExchangeAdapter.backpack - ERROR - error:116 - 交易所连接失败
2026-01-03 15:36:56,864 - ExchangeAdapter.backpack - ERROR - error:116 - 获取开放订单失败: Cannot connect to host api.backpack.exchange:443 ssl:default [Connection reset by peer]
2026-01-03 15:36:57,025 - ExchangeAdapter.backpack - ERROR - error:116 - 获取持仓失败: Cannot connect to host api.backpack.exchange:443 ssl:default [Connection reset by peer]
2026-01-03 15:36:57,028 - ExchangeAdapter.backpack - INFO - info:102 - 正在连接到交易所...
2026-01-03 15:36:57,029 - ExchangeAdapter.backpack - INFO - info:102 - 测试Backpack API连接并获取市场数据...
2026-01-03 15:36:57,317 - ExchangeAdapter.backpack - ERROR - error:116 - Backpack连接异常: ClientConnectorError: Cannot connect to host api.backpack.exchange:443 ssl:default [Connection reset by peer]
2026-01-03 15:36:57,318 - ExchangeAdapter.backpack - ERROR - error:116 - REST API连接失败
2026-01-03 15:36:57,318 - ExchangeAdapter.backpack - ERROR - error:116 - 交易所连接失败
2026-01-03 15:36:57,320 - ExchangeAdapter.backpack - INFO - connect:244 - 🔌 [Backpack] 开始建立WebSocket连接...
2026-01-03 15:36:57,711 - ExchangeAdapter.backpack - ERROR - connect:296 - ❌ [Backpack] 建立WebSocket连接失败: Cannot connect to host ws.backpack.exchange:443 ssl:default [Connection reset by peer]
2026-01-03 15:36:57,713 - ExchangeAdapter.backpack - INFO - subscribe_user_data:2012 - 订阅订单更新流: account.orderUpdate (timestamp=1767425817711)
2026-01-03 15:36:57,713 - ExchangeAdapter.backpack - WARNING - _safe_send_message:229 - ⚠️ WebSocket连接不可用，无法发送消息
2026-01-03 15:36:57,714 - ExchangeAdapter.backpack - WARNING - subscribe_user_data:2022 - 发送订单更新订阅消息失败
2026-01-03 15:36:57,715 - ExchangeAdapter.backpack - INFO - subscribe_user_data:2037 - 订阅持仓更新流: account.positionUpdate (timestamp=1767425817714)
2026-01-03 15:36:57,715 - ExchangeAdapter.backpack - WARNING - _safe_send_message:229 - ⚠️ WebSocket连接不可用，无法发送消息
2026-01-03 15:36:57,715 - ExchangeAdapter.backpack - WARNING - subscribe_user_data:2047 - 发送持仓更新订阅消息失败
2026-01-03 15:36:57,717 - ExchangeAdapter.backpack - INFO - connect:244 - 🔌 [Backpack] 开始建立WebSocket连接...
2026-01-03 15:36:57,961 - ExchangeAdapter.backpack - ERROR - connect:296 - ❌ [Backpack] 建立WebSocket连接失败: Cannot connect to host ws.backpack.exchange:443 ssl:default [Connection reset by peer]
2026-01-03 15:36:57,962 - ExchangeAdapter.backpack - WARNING - _safe_send_message:229 - ⚠️ WebSocket连接不可用，无法发送消息
2026-01-03 15:36:57,962 - ExchangeAdapter.backpack - WARNING - subscribe_ticker:1850 - 发送 BTC_USDC_PERP 订阅消息失败
2026-01-03 15:36:58,191 - ExchangeAdapter.backpack - ERROR - error:116 - 获取行情失败 BTC_USDC_PERP: Cannot connect to host api.backpack.exchange:443 ssl:default [Connection reset by peer]
2026-01-03 15:36:58,785 - ExchangeAdapter.backpack - ERROR - error:116 - 获取 BTC_USDC_PERP 订单簿快照失败: Cannot connect to host api.backpack.exchange:443 ssl:default [Connection reset by peer]
2026-01-03 15:36:58,786 - ExchangeAdapter.backpack - ERROR - error:116 - 获取订单簿失败 BTC_USDC_PERP: Cannot connect to host api.backpack.exchange:443 ssl:default [Connection reset by peer]
2026-01-03 15:36:58,989 - ExchangeAdapter.backpack - ERROR - error:116 - 获取持仓失败: Cannot connect to host api.backpack.exchange:443 ssl:default [Connection reset by peer]
2026-01-03 15:36:58,992 - ExchangeAdapter.backpack - INFO - info:102 - 开始获取Backpack支持的交易对列表...
2026-01-03 15:36:58,992 - ExchangeAdapter.backpack - INFO - info:102 - 开始获取Backpack支持的交易对列表...
2026-01-03 15:36:58,993 - ExchangeAdapter.backpack - INFO - info:102 - 开始获取Backpack支持的交易对列表...
2026-01-03 15:36:58,993 - ExchangeAdapter.backpack - INFO - info:102 - 开始获取Backpack支持的交易对列表...
2026-01-03 15:36:58,994 - ExchangeAdapter.backpack - INFO - info:102 - 开始获取Backpack支持的交易对列表...
2026-01-03 15:36:59,158 - ExchangeAdapter.backpack - ERROR - error:116 - 获取支持的交易对时出错: Cannot connect to host api.backpack.exchange:443 ssl:default [Connection reset by peer]
2026-01-03 15:36:59,159 - ExchangeAdapter.backpack - INFO - info:102 - ✅ 使用默认永续合约交易对列表: 30 个
2026-01-03 15:36:59,160 - ExchangeAdapter.backpack - INFO - info:102 - 📊 交易对类型: 100% 永续合约
2026-01-03 15:36:59,212 - ExchangeAdapter.backpack - ERROR - error:116 - 获取支持的交易对时出错: Cannot connect to host api.backpack.exchange:443 ssl:default [Connection reset by peer]
2026-01-03 15:36:59,212 - ExchangeAdapter.backpack - INFO - info:102 - ✅ 使用默认永续合约交易对列表: 30 个
2026-01-03 15:36:59,213 - ExchangeAdapter.backpack - INFO - info:102 - 📊 交易对类型: 100% 永续合约
2026-01-03 15:36:59,227 - ExchangeAdapter.backpack - ERROR - error:116 - 获取支持的交易对时出错: Cannot connect to host api.backpack.exchange:443 ssl:default [Connection reset by peer]
2026-01-03 15:36:59,228 - ExchangeAdapter.backpack - INFO - info:102 - ✅ 使用默认永续合约交易对列表: 30 个
2026-01-03 15:36:59,228 - ExchangeAdapter.backpack - INFO - info:102 - 📊 交易对类型: 100% 永续合约
2026-01-03 15:36:59,232 - ExchangeAdapter.backpack - ERROR - error:116 - 获取支持的交易对时出错: Cannot connect to host api.backpack.exchange:443 ssl:default [Connection reset by peer]
2026-01-03 15:36:59,233 - ExchangeAdapter.backpack - INFO - info:102 - ✅ 使用默认永续合约交易对列表: 30 个
2026-01-03 15:36:59,233 - ExchangeAdapter.backpack - INFO - info:102 - 📊 交易对类型: 100% 永续合约
2026-01-03 15:36:59,249 - ExchangeAdapter.backpack - ERROR - error:116 - 获取支持的交易对时出错: Cannot connect to host api.backpack.exchange:443 ssl:default [Connection reset by peer]
2026-01-03 15:36:59,250 - ExchangeAdapter.backpack - INFO - info:102 - ✅ 使用默认永续合约交易对列表: 30 个
2026-01-03 15:36:59,250 - ExchangeAdapter.backpack - INFO - info:102 - 📊 交易对类型: 100% 永续合约
2026-01-03 15:36:59,323 - ExchangeAdapter.backpack - ERROR - error:116 - 创建订单失败: Cannot connect to host api.backpack.exchange:443 ssl:default [Connection reset by peer]
2026-01-03 15:36:59,324 - ExchangeAdapter.backpack - ERROR - error:116 - 异常类型: ClientConnectorError
2026-01-03 15:36:59,324 - ExchangeAdapter.backpack - ERROR - error:116 - 订单数据: {'symbol': 'BTC_USDC_PERP', 'side': 'Bid', 'orderType': 'Limit', 'quantity': '0.002', 'price': '88000'}
2026-01-03 15:36:59,333 - ExchangeAdapter.backpack - ERROR - error:116 - 异常堆栈: Traceback (most recent call last):
  File "/Users/lichenglin/PycharmProjects/PythonProject/crypto-trading-open/env/lib/python3.9/site-packages/aiohttp/connector.py", line 992, in _wrap_create_connection
    return await self._loop.create_connection(*args, **kwargs)
  File "/usr/local/Cellar/python@3.9/3.9.12/Frameworks/Python.framework/Versions/3.9/lib/python3.9/asyncio/base_events.py", line 1090, in create_connection
    transport, protocol = await self._create_connection_transport(
  File "/usr/local/Cellar/python@3.9/3.9.12/Frameworks/Python.framework/Versions/3.9/lib/python3.9/asyncio/base_events.py", line 1120, in _create_connection_transport
    await waiter
  File "/usr/local/Cellar/python@3.9/3.9.12/Frameworks/Python.framework/Versions/3.9/lib/python3.9/asyncio/selector_events.py", line 853, in _read_ready__data_received
    data = self._sock.recv(self.max_size)
ConnectionResetError: [Errno 54] Connection reset by peer

The above exception was the direct cause of the following exception:

Traceback (most recent call last):
  File "/Users/lichenglin/PycharmProjects/PythonProject/crypto-trading-open/core/adapters/exchanges/adapters/backpack_rest.py", line 1498, in create_order
    response = await self._make_authenticated_request("POST", "/api/v1/order", data=order_data)
  File "/Users/lichenglin/PycharmProjects/PythonProject/crypto-trading-open/core/adapters/exchanges/adapters/backpack_rest.py", line 387, in _make_authenticated_request
    async with self.session.request(
  File "/Users/lichenglin/PycharmProjects/PythonProject/crypto-trading-open/env/lib/python3.9/site-packages/aiohttp/client.py", line 1187, in __aenter__
    self._resp = await self._coro
  File "/Users/lichenglin/PycharmProjects/PythonProject/crypto-trading-open/env/lib/python3.9/site-packages/aiohttp/client.py", line 574, in _request
    conn = await self._connector.connect(
  File "/Users/lichenglin/PycharmProjects/PythonProject/crypto-trading-open/env/lib/python3.9/site-packages/aiohttp/connector.py", line 544, in connect
    proto = await self._create_connection(req, traces, timeout)
  File "/Users/lichenglin/PycharmProjects/PythonProject/crypto-trading-open/env/lib/python3.9/site-packages/aiohttp/connector.py", line 911, in _create_connection
    _, proto = await self._create_direct_connection(req, traces, timeout)
  File "/Users/lichenglin/PycharmProjects/PythonProject/crypto-trading-open/env/lib/python3.9/site-packages/aiohttp/connector.py", line 1235, in _create_direct_connection
    raise last_exc
  File "/Users/lichenglin/PycharmProjects/PythonProject/crypto-trading-open/env/lib/python3.9/site-packages/aiohttp/connector.py", line 1204, in _create_direct_connection
    transp, proto = await self._wrap_create_connection(
  File "/Users/lichenglin/PycharmProjects/PythonProject/crypto-trading-open/env/lib/python3.9/site-packages/aiohttp/connector.py", line 1000, in _wrap_create_connection
    raise client_error(req.connection_key, exc) from exc
aiohttp.client_exceptions.ClientConnectorError: Cannot connect to host api.backpack.exchange:443 ssl:default [Connection reset by peer]

2026-01-03 15:36:59,452 - ExchangeAdapter.backpack - ERROR - error:116 - 创建订单失败: Cannot connect to host api.backpack.exchange:443 ssl:default [Connection reset by peer]
2026-01-03 15:36:59,453 - ExchangeAdapter.backpack - ERROR - error:116 - 异常类型: ClientConnectorError
2026-01-03 15:36:59,453 - ExchangeAdapter.backpack - ERROR - error:116 - 订单数据: {'symbol': 'BTC_USDC_PERP', 'side': 'Bid', 'orderType': 'Limit', 'quantity': '0.002', 'price': '89000'}
2026-01-03 15:36:59,454 - ExchangeAdapter.backpack - ERROR - error:116 - 异常堆栈: Traceback (most recent call last):
  File "/Users/lichenglin/PycharmProjects/PythonProject/crypto-trading-open/env/lib/python3.9/site-packages/aiohttp/connector.py", line 992, in _wrap_create_connection
    return await self._loop.create_connection(*args, **kwargs)
  File "/usr/local/Cellar/python@3.9/3.9.12/Frameworks/Python.framework/Versions/3.9/lib/python3.9/asyncio/base_events.py", line 1090, in create_connection
    transport, protocol = await self._create_connection_transport(
  File "/usr/local/Cellar/python@3.9/3.9.12/Frameworks/Python.framework/Versions/3.9/lib/python3.9/asyncio/base_events.py", line 1120, in _create_connection_transport
    await waiter
  File "/usr/local/Cellar/python@3.9/3.9.12/Frameworks/Python.framework/Versions/3.9/lib/python3.9/asyncio/selector_events.py", line 853, in _read_ready__data_received
    data = self._sock.recv(self.max_size)
ConnectionResetError: [Errno 54] Connection reset by peer

The above exception was the direct cause of the following exception:

Traceback (most recent call last):
  File "/Users/lichenglin/PycharmProjects/PythonProject/crypto-trading-open/core/adapters/exchanges/adapters/backpack_rest.py", line 1498, in create_order
    response = await self._make_authenticated_request("POST", "/api/v1/order", data=order_data)
  File "/Users/lichenglin/PycharmProjects/PythonProject/crypto-trading-open/core/adapters/exchanges/adapters/backpack_rest.py", line 387, in _make_authenticated_request
    async with self.session.request(
  File "/Users/lichenglin/PycharmProjects/PythonProject/crypto-trading-open/env/lib/python3.9/site-packages/aiohttp/client.py", line 1187, in __aenter__
    self._resp = await self._coro
  File "/Users/lichenglin/PycharmProjects/PythonProject/crypto-trading-open/env/lib/python3.9/site-packages/aiohttp/client.py", line 574, in _request
    conn = await self._connector.connect(
  File "/Users/lichenglin/PycharmProjects/PythonProject/crypto-trading-open/env/lib/python3.9/site-packages/aiohttp/connector.py", line 544, in connect
    proto = await self._create_connection(req, traces, timeout)
  File "/Users/lichenglin/PycharmProjects/PythonProject/crypto-trading-open/env/lib/python3.9/site-packages/aiohttp/connector.py", line 911, in _create_connection
    _, proto = await self._create_direct_connection(req, traces, timeout)
  File "/Users/lichenglin/PycharmProjects/PythonProject/crypto-trading-open/env/lib/python3.9/site-packages/aiohttp/connector.py", line 1235, in _create_direct_connection
    raise last_exc
  File "/Users/lichenglin/PycharmProjects/PythonProject/crypto-trading-open/env/lib/python3.9/site-packages/aiohttp/connector.py", line 1204, in _create_direct_connection
    transp, proto = await self._wrap_create_connection(
  File "/Users/lichenglin/PycharmProjects/PythonProject/crypto-trading-open/env/lib/python3.9/site-packages/aiohttp/connector.py", line 1000, in _wrap_create_connection
    raise client_error(req.connection_key, exc) from exc
aiohttp.client_exceptions.ClientConnectorError: Cannot connect to host api.backpack.exchange:443 ssl:default [Connection reset by peer]

2026-01-03 15:36:59,455 - ExchangeAdapter.backpack - ERROR - error:116 - 创建订单失败: Cannot connect to host api.backpack.exchange:443 ssl:default [Connection reset by peer]
2026-01-03 15:36:59,456 - ExchangeAdapter.backpack - ERROR - error:116 - 异常类型: ClientConnectorError
2026-01-03 15:36:59,456 - ExchangeAdapter.backpack - ERROR - error:116 - 订单数据: {'symbol': 'BTC_USDC_PERP', 'side': 'Bid', 'orderType': 'Limit', 'quantity': '0.002', 'price': '87000'}
2026-01-03 15:36:59,456 - ExchangeAdapter.backpack - ERROR - error:116 - 异常堆栈: Traceback (most recent call last):
  File "/Users/lichenglin/PycharmProjects/PythonProject/crypto-trading-open/env/lib/python3.9/site-packages/aiohttp/connector.py", line 992, in _wrap_create_connection
    return await self._loop.create_connection(*args, **kwargs)
  File "/usr/local/Cellar/python@3.9/3.9.12/Frameworks/Python.framework/Versions/3.9/lib/python3.9/asyncio/base_events.py", line 1090, in create_connection
    transport, protocol = await self._create_connection_transport(
  File "/usr/local/Cellar/python@3.9/3.9.12/Frameworks/Python.framework/Versions/3.9/lib/python3.9/asyncio/base_events.py", line 1120, in _create_connection_transport
    await waiter
  File "/usr/local/Cellar/python@3.9/3.9.12/Frameworks/Python.framework/Versions/3.9/lib/python3.9/asyncio/selector_events.py", line 853, in _read_ready__data_received
    data = self._sock.recv(self.max_size)
ConnectionResetError: [Errno 54] Connection reset by peer

The above exception was the direct cause of the following exception:

Traceback (most recent call last):
  File "/Users/lichenglin/PycharmProjects/PythonProject/crypto-trading-open/core/adapters/exchanges/adapters/backpack_rest.py", line 1498, in create_order
    response = await self._make_authenticated_request("POST", "/api/v1/order", data=order_data)
  File "/Users/lichenglin/PycharmProjects/PythonProject/crypto-trading-open/core/adapters/exchanges/adapters/backpack_rest.py", line 387, in _make_authenticated_request
    async with self.session.request(
  File "/Users/lichenglin/PycharmProjects/PythonProject/crypto-trading-open/env/lib/python3.9/site-packages/aiohttp/client.py", line 1187, in __aenter__
    self._resp = await self._coro
  File "/Users/lichenglin/PycharmProjects/PythonProject/crypto-trading-open/env/lib/python3.9/site-packages/aiohttp/client.py", line 574, in _request
    conn = await self._connector.connect(
  File "/Users/lichenglin/PycharmProjects/PythonProject/crypto-trading-open/env/lib/python3.9/site-packages/aiohttp/connector.py", line 544, in connect
    proto = await self._create_connection(req, traces, timeout)
  File "/Users/lichenglin/PycharmProjects/PythonProject/crypto-trading-open/env/lib/python3.9/site-packages/aiohttp/connector.py", line 911, in _create_connection
    _, proto = await self._create_direct_connection(req, traces, timeout)
  File "/Users/lichenglin/PycharmProjects/PythonProject/crypto-trading-open/env/lib/python3.9/site-packages/aiohttp/connector.py", line 1235, in _create_direct_connection
    raise last_exc
  File "/Users/lichenglin/PycharmProjects/PythonProject/crypto-trading-open/env/lib/python3.9/site-packages/aiohttp/connector.py", line 1204, in _create_direct_connection
    transp, proto = await self._wrap_create_connection(
  File "/Users/lichenglin/PycharmProjects/PythonProject/crypto-trading-open/env/lib/python3.9/site-packages/aiohttp/connector.py", line 1000, in _wrap_create_connection
    raise client_error(req.connection_key, exc) from exc
aiohttp.client_exceptions.ClientConnectorError: Cannot connect to host api.backpack.exchange:443 ssl:default [Connection reset by peer]

2026-01-03 15:36:59,473 - ExchangeAdapter.backpack - ERROR - error:116 - 创建订单失败: Cannot connect to host api.backpack.exchange:443 ssl:default [Connection reset by peer]
2026-01-03 15:36:59,474 - ExchangeAdapter.backpack - ERROR - error:116 - 异常类型: ClientConnectorError
2026-01-03 15:36:59,474 - ExchangeAdapter.backpack - ERROR - error:116 - 订单数据: {'symbol': 'BTC_USDC_PERP', 'side': 'Bid', 'orderType': 'Limit', 'quantity': '0.002', 'price': '90000'}
2026-01-03 15:36:59,475 - ExchangeAdapter.backpack - ERROR - error:116 - 异常堆栈: Traceback (most recent call last):
  File "/Users/lichenglin/PycharmProjects/PythonProject/crypto-trading-open/env/lib/python3.9/site-packages/aiohttp/connector.py", line 992, in _wrap_create_connection
    return await self._loop.create_connection(*args, **kwargs)
  File "/usr/local/Cellar/python@3.9/3.9.12/Frameworks/Python.framework/Versions/3.9/lib/python3.9/asyncio/base_events.py", line 1090, in create_connection
    transport, protocol = await self._create_connection_transport(
  File "/usr/local/Cellar/python@3.9/3.9.12/Frameworks/Python.framework/Versions/3.9/lib/python3.9/asyncio/base_events.py", line 1120, in _create_connection_transport
    await waiter
  File "/usr/local/Cellar/python@3.9/3.9.12/Frameworks/Python.framework/Versions/3.9/lib/python3.9/asyncio/selector_events.py", line 853, in _read_ready__data_received
    data = self._sock.recv(self.max_size)
ConnectionResetError: [Errno 54] Connection reset by peer

The above exception was the direct cause of the following exception:

Traceback (most recent call last):
  File "/Users/lichenglin/PycharmProjects/PythonProject/crypto-trading-open/core/adapters/exchanges/adapters/backpack_rest.py", line 1498, in create_order
    response = await self._make_authenticated_request("POST", "/api/v1/order", data=order_data)
  File "/Users/lichenglin/PycharmProjects/PythonProject/crypto-trading-open/core/adapters/exchanges/adapters/backpack_rest.py", line 387, in _make_authenticated_request
    async with self.session.request(
  File "/Users/lichenglin/PycharmProjects/PythonProject/crypto-trading-open/env/lib/python3.9/site-packages/aiohttp/client.py", line 1187, in __aenter__
    self._resp = await self._coro
  File "/Users/lichenglin/PycharmProjects/PythonProject/crypto-trading-open/env/lib/python3.9/site-packages/aiohttp/client.py", line 574, in _request
    conn = await self._connector.connect(
  File "/Users/lichenglin/PycharmProjects/PythonProject/crypto-trading-open/env/lib/python3.9/site-packages/aiohttp/connector.py", line 544, in connect
    proto = await self._create_connection(req, traces, timeout)
  File "/Users/lichenglin/PycharmProjects/PythonProject/crypto-trading-open/env/lib/python3.9/site-packages/aiohttp/connector.py", line 911, in _create_connection
    _, proto = await self._create_direct_connection(req, traces, timeout)
  File "/Users/lichenglin/PycharmProjects/PythonProject/crypto-trading-open/env/lib/python3.9/site-packages/aiohttp/connector.py", line 1235, in _create_direct_connection
    raise last_exc
  File "/Users/lichenglin/PycharmProjects/PythonProject/crypto-trading-open/env/lib/python3.9/site-packages/aiohttp/connector.py", line 1204, in _create_direct_connection
    transp, proto = await self._wrap_create_connection(
  File "/Users/lichenglin/PycharmProjects/PythonProject/crypto-trading-open/env/lib/python3.9/site-packages/aiohttp/connector.py", line 1000, in _wrap_create_connection
    raise client_error(req.connection_key, exc) from exc
aiohttp.client_exceptions.ClientConnectorError: Cannot connect to host api.backpack.exchange:443 ssl:default [Connection reset by peer]

2026-01-03 15:36:59,491 - ExchangeAdapter.backpack - ERROR - error:116 - 创建订单失败: Cannot connect to host api.backpack.exchange:443 ssl:default [Connection reset by peer]
2026-01-03 15:36:59,491 - ExchangeAdapter.backpack - ERROR - error:116 - 异常类型: ClientConnectorError
2026-01-03 15:36:59,491 - ExchangeAdapter.backpack - ERROR - error:116 - 订单数据: {'symbol': 'BTC_USDC_PERP', 'side': 'Bid', 'orderType': 'Limit', 'quantity': '0.002', 'price': '86000'}
2026-01-03 15:36:59,492 - ExchangeAdapter.backpack - ERROR - error:116 - 异常堆栈: Traceback (most recent call last):
  File "/Users/lichenglin/PycharmProjects/PythonProject/crypto-trading-open/env/lib/python3.9/site-packages/aiohttp/connector.py", line 992, in _wrap_create_connection
    return await self._loop.create_connection(*args, **kwargs)
  File "/usr/local/Cellar/python@3.9/3.9.12/Frameworks/Python.framework/Versions/3.9/lib/python3.9/asyncio/base_events.py", line 1090, in create_connection
    transport, protocol = await self._create_connection_transport(
  File "/usr/local/Cellar/python@3.9/3.9.12/Frameworks/Python.framework/Versions/3.9/lib/python3.9/asyncio/base_events.py", line 1120, in _create_connection_transport
    await waiter
  File "/usr/local/Cellar/python@3.9/3.9.12/Frameworks/Python.framework/Versions/3.9/lib/python3.9/asyncio/selector_events.py", line 853, in _read_ready__data_received
    data = self._sock.recv(self.max_size)
ConnectionResetError: [Errno 54] Connection reset by peer

The above exception was the direct cause of the following exception:

Traceback (most recent call last):
  File "/Users/lichenglin/PycharmProjects/PythonProject/crypto-trading-open/core/adapters/exchanges/adapters/backpack_rest.py", line 1498, in create_order
    response = await self._make_authenticated_request("POST", "/api/v1/order", data=order_data)
  File "/Users/lichenglin/PycharmProjects/PythonProject/crypto-trading-open/core/adapters/exchanges/adapters/backpack_rest.py", line 387, in _make_authenticated_request
    async with self.session.request(
  File "/Users/lichenglin/PycharmProjects/PythonProject/crypto-trading-open/env/lib/python3.9/site-packages/aiohttp/client.py", line 1187, in __aenter__
    self._resp = await self._coro
  File "/Users/lichenglin/PycharmProjects/PythonProject/crypto-trading-open/env/lib/python3.9/site-packages/aiohttp/client.py", line 574, in _request
    conn = await self._connector.connect(
  File "/Users/lichenglin/PycharmProjects/PythonProject/crypto-trading-open/env/lib/python3.9/site-packages/aiohttp/connector.py", line 544, in connect
    proto = await self._create_connection(req, traces, timeout)
  File "/Users/lichenglin/PycharmProjects/PythonProject/crypto-trading-open/env/lib/python3.9/site-packages/aiohttp/connector.py", line 911, in _create_connection
    _, proto = await self._create_direct_connection(req, traces, timeout)
  File "/Users/lichenglin/PycharmProjects/PythonProject/crypto-trading-open/env/lib/python3.9/site-packages/aiohttp/connector.py", line 1235, in _create_direct_connection
    raise last_exc
  File "/Users/lichenglin/PycharmProjects/PythonProject/crypto-trading-open/env/lib/python3.9/site-packages/aiohttp/connector.py", line 1204, in _create_direct_connection
    transp, proto = await self._wrap_create_connection(
  File "/Users/lichenglin/PycharmProjects/PythonProject/crypto-trading-open/env/lib/python3.9/site-packages/aiohttp/connector.py", line 1000, in _wrap_create_connection
    raise client_error(req.connection_key, exc) from exc
aiohttp.client_exceptions.ClientConnectorError: Cannot connect to host api.backpack.exchange:443 ssl:default [Connection reset by peer]

2026-01-03 15:37:00,496 - ExchangeAdapter.backpack - INFO - info:102 - 开始获取Backpack支持的交易对列表...
2026-01-03 15:37:00,497 - ExchangeAdapter.backpack - INFO - info:102 - 开始获取Backpack支持的交易对列表...
2026-01-03 15:37:00,498 - ExchangeAdapter.backpack - INFO - info:102 - 开始获取Backpack支持的交易对列表...
2026-01-03 15:37:00,498 - ExchangeAdapter.backpack - INFO - info:102 - 开始获取Backpack支持的交易对列表...
2026-01-03 15:37:00,499 - ExchangeAdapter.backpack - INFO - info:102 - 开始获取Backpack支持的交易对列表...
2026-01-03 15:37:00,661 - ExchangeAdapter.backpack - ERROR - error:116 - 获取支持的交易对时出错: Cannot connect to host api.backpack.exchange:443 ssl:default [Connection reset by peer]
2026-01-03 15:37:00,662 - ExchangeAdapter.backpack - INFO - info:102 - ✅ 使用默认永续合约交易对列表: 30 个
2026-01-03 15:37:00,662 - ExchangeAdapter.backpack - INFO - info:102 - 📊 交易对类型: 100% 永续合约
2026-01-03 15:37:00,670 - ExchangeAdapter.backpack - ERROR - error:116 - 获取支持的交易对时出错: Cannot connect to host api.backpack.exchange:443 ssl:default [Connection reset by peer]
2026-01-03 15:37:00,671 - ExchangeAdapter.backpack - INFO - info:102 - ✅ 使用默认永续合约交易对列表: 30 个
2026-01-03 15:37:00,671 - ExchangeAdapter.backpack - INFO - info:102 - 📊 交易对类型: 100% 永续合约
2026-01-03 15:37:00,692 - ExchangeAdapter.backpack - ERROR - error:116 - 获取支持的交易对时出错: Cannot connect to host api.backpack.exchange:443 ssl:default [Connection reset by peer]
2026-01-03 15:37:00,693 - ExchangeAdapter.backpack - INFO - info:102 - ✅ 使用默认永续合约交易对列表: 30 个
2026-01-03 15:37:00,693 - ExchangeAdapter.backpack - INFO - info:102 - 📊 交易对类型: 100% 永续合约
2026-01-03 15:37:00,737 - ExchangeAdapter.backpack - ERROR - error:116 - 获取支持的交易对时出错: Cannot connect to host api.backpack.exchange:443 ssl:default [Connection reset by peer]
2026-01-03 15:37:00,738 - ExchangeAdapter.backpack - INFO - info:102 - ✅ 使用默认永续合约交易对列表: 30 个
2026-01-03 15:37:00,738 - ExchangeAdapter.backpack - INFO - info:102 - 📊 交易对类型: 100% 永续合约
2026-01-03 15:37:00,900 - ExchangeAdapter.backpack - ERROR - error:116 - 创建订单失败: Cannot connect to host api.backpack.exchange:443 ssl:default [Connection reset by peer]
2026-01-03 15:37:00,901 - ExchangeAdapter.backpack - ERROR - error:116 - 异常类型: ClientConnectorError
2026-01-03 15:37:00,901 - ExchangeAdapter.backpack - ERROR - error:116 - 订单数据: {'symbol': 'BTC_USDC_PERP', 'side': 'Bid', 'orderType': 'Limit', 'quantity': '0.002', 'price': '88000'}
2026-01-03 15:37:00,903 - ExchangeAdapter.backpack - ERROR - error:116 - 异常堆栈: Traceback (most recent call last):
  File "/Users/lichenglin/PycharmProjects/PythonProject/crypto-trading-open/env/lib/python3.9/site-packages/aiohttp/connector.py", line 992, in _wrap_create_connection
    return await self._loop.create_connection(*args, **kwargs)
  File "/usr/local/Cellar/python@3.9/3.9.12/Frameworks/Python.framework/Versions/3.9/lib/python3.9/asyncio/base_events.py", line 1090, in create_connection
    transport, protocol = await self._create_connection_transport(
  File "/usr/local/Cellar/python@3.9/3.9.12/Frameworks/Python.framework/Versions/3.9/lib/python3.9/asyncio/base_events.py", line 1120, in _create_connection_transport
    await waiter
  File "/usr/local/Cellar/python@3.9/3.9.12/Frameworks/Python.framework/Versions/3.9/lib/python3.9/asyncio/selector_events.py", line 853, in _read_ready__data_received
    data = self._sock.recv(self.max_size)
ConnectionResetError: [Errno 54] Connection reset by peer

The above exception was the direct cause of the following exception:

Traceback (most recent call last):
  File "/Users/lichenglin/PycharmProjects/PythonProject/crypto-trading-open/core/adapters/exchanges/adapters/backpack_rest.py", line 1498, in create_order
    response = await self._make_authenticated_request("POST", "/api/v1/order", data=order_data)
  File "/Users/lichenglin/PycharmProjects/PythonProject/crypto-trading-open/core/adapters/exchanges/adapters/backpack_rest.py", line 387, in _make_authenticated_request
    async with self.session.request(
  File "/Users/lichenglin/PycharmProjects/PythonProject/crypto-trading-open/env/lib/python3.9/site-packages/aiohttp/client.py", line 1187, in __aenter__
    self._resp = await self._coro
  File "/Users/lichenglin/PycharmProjects/PythonProject/crypto-trading-open/env/lib/python3.9/site-packages/aiohttp/client.py", line 574, in _request
    conn = await self._connector.connect(
  File "/Users/lichenglin/PycharmProjects/PythonProject/crypto-trading-open/env/lib/python3.9/site-packages/aiohttp/connector.py", line 544, in connect
    proto = await self._create_connection(req, traces, timeout)
  File "/Users/lichenglin/PycharmProjects/PythonProject/crypto-trading-open/env/lib/python3.9/site-packages/aiohttp/connector.py", line 911, in _create_connection
    _, proto = await self._create_direct_connection(req, traces, timeout)
  File "/Users/lichenglin/PycharmProjects/PythonProject/crypto-trading-open/env/lib/python3.9/site-packages/aiohttp/connector.py", line 1235, in _create_direct_connection
    raise last_exc
  File "/Users/lichenglin/PycharmProjects/PythonProject/crypto-trading-open/env/lib/python3.9/site-packages/aiohttp/connector.py", line 1204, in _create_direct_connection
    transp, proto = await self._wrap_create_connection(
  File "/Users/lichenglin/PycharmProjects/PythonProject/crypto-trading-open/env/lib/python3.9/site-packages/aiohttp/connector.py", line 1000, in _wrap_create_connection
    raise client_error(req.connection_key, exc) from exc
aiohttp.client_exceptions.ClientConnectorError: Cannot connect to host api.backpack.exchange:443 ssl:default [Connection reset by peer]

2026-01-03 15:37:00,909 - ExchangeAdapter.backpack - ERROR - error:116 - 创建订单失败: Cannot connect to host api.backpack.exchange:443 ssl:default [Connection reset by peer]
2026-01-03 15:37:00,910 - ExchangeAdapter.backpack - ERROR - error:116 - 异常类型: ClientConnectorError
2026-01-03 15:37:00,910 - ExchangeAdapter.backpack - ERROR - error:116 - 订单数据: {'symbol': 'BTC_USDC_PERP', 'side': 'Bid', 'orderType': 'Limit', 'quantity': '0.002', 'price': '90000'}
2026-01-03 15:37:00,911 - ExchangeAdapter.backpack - ERROR - error:116 - 异常堆栈: Traceback (most recent call last):
  File "/Users/lichenglin/PycharmProjects/PythonProject/crypto-trading-open/env/lib/python3.9/site-packages/aiohttp/connector.py", line 992, in _wrap_create_connection
    return await self._loop.create_connection(*args, **kwargs)
  File "/usr/local/Cellar/python@3.9/3.9.12/Frameworks/Python.framework/Versions/3.9/lib/python3.9/asyncio/base_events.py", line 1090, in create_connection
    transport, protocol = await self._create_connection_transport(
  File "/usr/local/Cellar/python@3.9/3.9.12/Frameworks/Python.framework/Versions/3.9/lib/python3.9/asyncio/base_events.py", line 1120, in _create_connection_transport
    await waiter
  File "/usr/local/Cellar/python@3.9/3.9.12/Frameworks/Python.framework/Versions/3.9/lib/python3.9/asyncio/selector_events.py", line 853, in _read_ready__data_received
    data = self._sock.recv(self.max_size)
ConnectionResetError: [Errno 54] Connection reset by peer

The above exception was the direct cause of the following exception:

Traceback (most recent call last):
  File "/Users/lichenglin/PycharmProjects/PythonProject/crypto-trading-open/core/adapters/exchanges/adapters/backpack_rest.py", line 1498, in create_order
    response = await self._make_authenticated_request("POST", "/api/v1/order", data=order_data)
  File "/Users/lichenglin/PycharmProjects/PythonProject/crypto-trading-open/core/adapters/exchanges/adapters/backpack_rest.py", line 387, in _make_authenticated_request
    async with self.session.request(
  File "/Users/lichenglin/PycharmProjects/PythonProject/crypto-trading-open/env/lib/python3.9/site-packages/aiohttp/client.py", line 1187, in __aenter__
    self._resp = await self._coro
  File "/Users/lichenglin/PycharmProjects/PythonProject/crypto-trading-open/env/lib/python3.9/site-packages/aiohttp/client.py", line 574, in _request
    conn = await self._connector.connect(
  File "/Users/lichenglin/PycharmProjects/PythonProject/crypto-trading-open/env/lib/python3.9/site-packages/aiohttp/connector.py", line 544, in connect
    proto = await self._create_connection(req, traces, timeout)
  File "/Users/lichenglin/PycharmProjects/PythonProject/crypto-trading-open/env/lib/python3.9/site-packages/aiohttp/connector.py", line 911, in _create_connection
    _, proto = await self._create_direct_connection(req, traces, timeout)
  File "/Users/lichenglin/PycharmProjects/PythonProject/crypto-trading-open/env/lib/python3.9/site-packages/aiohttp/connector.py", line 1235, in _create_direct_connection
    raise last_exc
  File "/Users/lichenglin/PycharmProjects/PythonProject/crypto-trading-open/env/lib/python3.9/site-packages/aiohttp/connector.py", line 1204, in _create_direct_connection
    transp, proto = await self._wrap_create_connection(
  File "/Users/lichenglin/PycharmProjects/PythonProject/crypto-trading-open/env/lib/python3.9/site-packages/aiohttp/connector.py", line 1000, in _wrap_create_connection
    raise client_error(req.connection_key, exc) from exc
aiohttp.client_exceptions.ClientConnectorError: Cannot connect to host api.backpack.exchange:443 ssl:default [Connection reset by peer]

2026-01-03 15:37:00,953 - ExchangeAdapter.backpack - ERROR - error:116 - 创建订单失败: Cannot connect to host api.backpack.exchange:443 ssl:default [Connection reset by peer]
2026-01-03 15:37:00,953 - ExchangeAdapter.backpack - ERROR - error:116 - 异常类型: ClientConnectorError
2026-01-03 15:37:00,953 - ExchangeAdapter.backpack - ERROR - error:116 - 订单数据: {'symbol': 'BTC_USDC_PERP', 'side': 'Bid', 'orderType': 'Limit', 'quantity': '0.002', 'price': '86000'}
2026-01-03 15:37:00,954 - ExchangeAdapter.backpack - ERROR - error:116 - 异常堆栈: Traceback (most recent call last):
  File "/Users/lichenglin/PycharmProjects/PythonProject/crypto-trading-open/env/lib/python3.9/site-packages/aiohttp/connector.py", line 992, in _wrap_create_connection
    return await self._loop.create_connection(*args, **kwargs)
  File "/usr/local/Cellar/python@3.9/3.9.12/Frameworks/Python.framework/Versions/3.9/lib/python3.9/asyncio/base_events.py", line 1090, in create_connection
    transport, protocol = await self._create_connection_transport(
  File "/usr/local/Cellar/python@3.9/3.9.12/Frameworks/Python.framework/Versions/3.9/lib/python3.9/asyncio/base_events.py", line 1120, in _create_connection_transport
    await waiter
  File "/usr/local/Cellar/python@3.9/3.9.12/Frameworks/Python.framework/Versions/3.9/lib/python3.9/asyncio/selector_events.py", line 853, in _read_ready__data_received
    data = self._sock.recv(self.max_size)
ConnectionResetError: [Errno 54] Connection reset by peer

The above exception was the direct cause of the following exception:

Traceback (most recent call last):
  File "/Users/lichenglin/PycharmProjects/PythonProject/crypto-trading-open/core/adapters/exchanges/adapters/backpack_rest.py", line 1498, in create_order
    response = await self._make_authenticated_request("POST", "/api/v1/order", data=order_data)
  File "/Users/lichenglin/PycharmProjects/PythonProject/crypto-trading-open/core/adapters/exchanges/adapters/backpack_rest.py", line 387, in _make_authenticated_request
    async with self.session.request(
  File "/Users/lichenglin/PycharmProjects/PythonProject/crypto-trading-open/env/lib/python3.9/site-packages/aiohttp/client.py", line 1187, in __aenter__
    self._resp = await self._coro
  File "/Users/lichenglin/PycharmProjects/PythonProject/crypto-trading-open/env/lib/python3.9/site-packages/aiohttp/client.py", line 574, in _request
    conn = await self._connector.connect(
  File "/Users/lichenglin/PycharmProjects/PythonProject/crypto-trading-open/env/lib/python3.9/site-packages/aiohttp/connector.py", line 544, in connect
    proto = await self._create_connection(req, traces, timeout)
  File "/Users/lichenglin/PycharmProjects/PythonProject/crypto-trading-open/env/lib/python3.9/site-packages/aiohttp/connector.py", line 911, in _create_connection
    _, proto = await self._create_direct_connection(req, traces, timeout)
  File "/Users/lichenglin/PycharmProjects/PythonProject/crypto-trading-open/env/lib/python3.9/site-packages/aiohttp/connector.py", line 1235, in _create_direct_connection
    raise last_exc
  File "/Users/lichenglin/PycharmProjects/PythonProject/crypto-trading-open/env/lib/python3.9/site-packages/aiohttp/connector.py", line 1204, in _create_direct_connection
    transp, proto = await self._wrap_create_connection(
  File "/Users/lichenglin/PycharmProjects/PythonProject/crypto-trading-open/env/lib/python3.9/site-packages/aiohttp/connector.py", line 1000, in _wrap_create_connection
    raise client_error(req.connection_key, exc) from exc
aiohttp.client_exceptions.ClientConnectorError: Cannot connect to host api.backpack.exchange:443 ssl:default [Connection reset by peer]

2026-01-03 15:37:01,728 - ExchangeAdapter.backpack - ERROR - error:116 - 获取支持的交易对时出错: Cannot connect to host api.backpack.exchange:443 ssl:default [Connection reset by peer]
2026-01-03 15:37:01,729 - ExchangeAdapter.backpack - INFO - info:102 - ✅ 使用默认永续合约交易对列表: 30 个
2026-01-03 15:37:01,730 - ExchangeAdapter.backpack - INFO - info:102 - 📊 交易对类型: 100% 永续合约
2026-01-03 15:37:01,865 - ExchangeAdapter.backpack - ERROR - error:116 - 创建订单失败: Cannot connect to host api.backpack.exchange:443 ssl:default [Connection reset by peer]
2026-01-03 15:37:01,866 - ExchangeAdapter.backpack - ERROR - error:116 - 异常类型: ClientConnectorError
2026-01-03 15:37:01,867 - ExchangeAdapter.backpack - ERROR - error:116 - 订单数据: {'symbol': 'BTC_USDC_PERP', 'side': 'Bid', 'orderType': 'Limit', 'quantity': '0.002', 'price': '89000'}
2026-01-03 15:37:01,868 - ExchangeAdapter.backpack - ERROR - error:116 - 异常堆栈: Traceback (most recent call last):
  File "/Users/lichenglin/PycharmProjects/PythonProject/crypto-trading-open/env/lib/python3.9/site-packages/aiohttp/connector.py", line 992, in _wrap_create_connection
    return await self._loop.create_connection(*args, **kwargs)
  File "/usr/local/Cellar/python@3.9/3.9.12/Frameworks/Python.framework/Versions/3.9/lib/python3.9/asyncio/base_events.py", line 1090, in create_connection
    transport, protocol = await self._create_connection_transport(
  File "/usr/local/Cellar/python@3.9/3.9.12/Frameworks/Python.framework/Versions/3.9/lib/python3.9/asyncio/base_events.py", line 1120, in _create_connection_transport
    await waiter
  File "/usr/local/Cellar/python@3.9/3.9.12/Frameworks/Python.framework/Versions/3.9/lib/python3.9/asyncio/selector_events.py", line 853, in _read_ready__data_received
    data = self._sock.recv(self.max_size)
ConnectionResetError: [Errno 54] Connection reset by peer

The above exception was the direct cause of the following exception:

Traceback (most recent call last):
  File "/Users/lichenglin/PycharmProjects/PythonProject/crypto-trading-open/core/adapters/exchanges/adapters/backpack_rest.py", line 1498, in create_order
    response = await self._make_authenticated_request("POST", "/api/v1/order", data=order_data)
  File "/Users/lichenglin/PycharmProjects/PythonProject/crypto-trading-open/core/adapters/exchanges/adapters/backpack_rest.py", line 387, in _make_authenticated_request
    async with self.session.request(
  File "/Users/lichenglin/PycharmProjects/PythonProject/crypto-trading-open/env/lib/python3.9/site-packages/aiohttp/client.py", line 1187, in __aenter__
    self._resp = await self._coro
  File "/Users/lichenglin/PycharmProjects/PythonProject/crypto-trading-open/env/lib/python3.9/site-packages/aiohttp/client.py", line 574, in _request
    conn = await self._connector.connect(
  File "/Users/lichenglin/PycharmProjects/PythonProject/crypto-trading-open/env/lib/python3.9/site-packages/aiohttp/connector.py", line 544, in connect
    proto = await self._create_connection(req, traces, timeout)
  File "/Users/lichenglin/PycharmProjects/PythonProject/crypto-trading-open/env/lib/python3.9/site-packages/aiohttp/connector.py", line 911, in _create_connection
    _, proto = await self._create_direct_connection(req, traces, timeout)
  File "/Users/lichenglin/PycharmProjects/PythonProject/crypto-trading-open/env/lib/python3.9/site-packages/aiohttp/connector.py", line 1235, in _create_direct_connection
    raise last_exc
  File "/Users/lichenglin/PycharmProjects/PythonProject/crypto-trading-open/env/lib/python3.9/site-packages/aiohttp/connector.py", line 1204, in _create_direct_connection
    transp, proto = await self._wrap_create_connection(
  File "/Users/lichenglin/PycharmProjects/PythonProject/crypto-trading-open/env/lib/python3.9/site-packages/aiohttp/connector.py", line 1000, in _wrap_create_connection
    raise client_error(req.connection_key, exc) from exc
aiohttp.client_exceptions.ClientConnectorError: Cannot connect to host api.backpack.exchange:443 ssl:default [Connection reset by peer]

2026-01-03 15:37:02,854 - ExchangeAdapter.backpack - ERROR - error:116 - 创建订单失败: Cannot connect to host api.backpack.exchange:443 ssl:default [Connection reset by peer]
2026-01-03 15:37:02,854 - ExchangeAdapter.backpack - ERROR - error:116 - 异常类型: ClientConnectorError
2026-01-03 15:37:02,854 - ExchangeAdapter.backpack - ERROR - error:116 - 订单数据: {'symbol': 'BTC_USDC_PERP', 'side': 'Bid', 'orderType': 'Limit', 'quantity': '0.002', 'price': '87000'}
2026-01-03 15:37:02,855 - ExchangeAdapter.backpack - ERROR - error:116 - 异常堆栈: Traceback (most recent call last):
  File "/Users/lichenglin/PycharmProjects/PythonProject/crypto-trading-open/env/lib/python3.9/site-packages/aiohttp/connector.py", line 992, in _wrap_create_connection
    return await self._loop.create_connection(*args, **kwargs)
  File "/usr/local/Cellar/python@3.9/3.9.12/Frameworks/Python.framework/Versions/3.9/lib/python3.9/asyncio/base_events.py", line 1090, in create_connection
    transport, protocol = await self._create_connection_transport(
  File "/usr/local/Cellar/python@3.9/3.9.12/Frameworks/Python.framework/Versions/3.9/lib/python3.9/asyncio/base_events.py", line 1120, in _create_connection_transport
    await waiter
  File "/usr/local/Cellar/python@3.9/3.9.12/Frameworks/Python.framework/Versions/3.9/lib/python3.9/asyncio/selector_events.py", line 853, in _read_ready__data_received
    data = self._sock.recv(self.max_size)
ConnectionResetError: [Errno 54] Connection reset by peer

The above exception was the direct cause of the following exception:

Traceback (most recent call last):
  File "/Users/lichenglin/PycharmProjects/PythonProject/crypto-trading-open/core/adapters/exchanges/adapters/backpack_rest.py", line 1498, in create_order
    response = await self._make_authenticated_request("POST", "/api/v1/order", data=order_data)
  File "/Users/lichenglin/PycharmProjects/PythonProject/crypto-trading-open/core/adapters/exchanges/adapters/backpack_rest.py", line 387, in _make_authenticated_request
    async with self.session.request(
  File "/Users/lichenglin/PycharmProjects/PythonProject/crypto-trading-open/env/lib/python3.9/site-packages/aiohttp/client.py", line 1187, in __aenter__
    self._resp = await self._coro
  File "/Users/lichenglin/PycharmProjects/PythonProject/crypto-trading-open/env/lib/python3.9/site-packages/aiohttp/client.py", line 574, in _request
    conn = await self._connector.connect(
  File "/Users/lichenglin/PycharmProjects/PythonProject/crypto-trading-open/env/lib/python3.9/site-packages/aiohttp/connector.py", line 544, in connect
    proto = await self._create_connection(req, traces, timeout)
  File "/Users/lichenglin/PycharmProjects/PythonProject/crypto-trading-open/env/lib/python3.9/site-packages/aiohttp/connector.py", line 911, in _create_connection
    _, proto = await self._create_direct_connection(req, traces, timeout)
  File "/Users/lichenglin/PycharmProjects/PythonProject/crypto-trading-open/env/lib/python3.9/site-packages/aiohttp/connector.py", line 1235, in _create_direct_connection
    raise last_exc
  File "/Users/lichenglin/PycharmProjects/PythonProject/crypto-trading-open/env/lib/python3.9/site-packages/aiohttp/connector.py", line 1204, in _create_direct_connection
    transp, proto = await self._wrap_create_connection(
  File "/Users/lichenglin/PycharmProjects/PythonProject/crypto-trading-open/env/lib/python3.9/site-packages/aiohttp/connector.py", line 1000, in _wrap_create_connection
    raise client_error(req.connection_key, exc) from exc
aiohttp.client_exceptions.ClientConnectorError: Cannot connect to host api.backpack.exchange:443 ssl:default [Connection reset by peer]

2026-01-03 15:37:04,860 - ExchangeAdapter.backpack - INFO - info:102 - 开始获取Backpack支持的交易对列表...
2026-01-03 15:37:04,861 - ExchangeAdapter.backpack - INFO - info:102 - 开始获取Backpack支持的交易对列表...
2026-01-03 15:37:04,861 - ExchangeAdapter.backpack - INFO - info:102 - 开始获取Backpack支持的交易对列表...
2026-01-03 15:37:04,861 - ExchangeAdapter.backpack - INFO - info:102 - 开始获取Backpack支持的交易对列表...
2026-01-03 15:37:04,861 - ExchangeAdapter.backpack - INFO - info:102 - 开始获取Backpack支持的交易对列表...
2026-01-03 15:37:04,999 - ExchangeAdapter.backpack - ERROR - error:116 - 获取支持的交易对时出错: Cannot connect to host api.backpack.exchange:443 ssl:default [Connection reset by peer]
2026-01-03 15:37:05,000 - ExchangeAdapter.backpack - INFO - info:102 - ✅ 使用默认永续合约交易对列表: 30 个
2026-01-03 15:37:05,001 - ExchangeAdapter.backpack - INFO - info:102 - 📊 交易对类型: 100% 永续合约
2026-01-03 15:37:05,024 - ExchangeAdapter.backpack - ERROR - error:116 - 获取支持的交易对时出错: Cannot connect to host api.backpack.exchange:443 ssl:default [Connection reset by peer]
2026-01-03 15:37:05,024 - ExchangeAdapter.backpack - INFO - info:102 - ✅ 使用默认永续合约交易对列表: 30 个
2026-01-03 15:37:05,025 - ExchangeAdapter.backpack - INFO - info:102 - 📊 交易对类型: 100% 永续合约
2026-01-03 15:37:05,100 - ExchangeAdapter.backpack - ERROR - error:116 - 获取支持的交易对时出错: Cannot connect to host api.backpack.exchange:443 ssl:default [Connection reset by peer]
2026-01-03 15:37:05,101 - ExchangeAdapter.backpack - INFO - info:102 - ✅ 使用默认永续合约交易对列表: 30 个
2026-01-03 15:37:05,101 - ExchangeAdapter.backpack - INFO - info:102 - 📊 交易对类型: 100% 永续合约
2026-01-03 15:37:05,125 - ExchangeAdapter.backpack - ERROR - error:116 - 获取支持的交易对时出错: Cannot connect to host api.backpack.exchange:443 ssl:default [Connection reset by peer]
2026-01-03 15:37:05,125 - ExchangeAdapter.backpack - INFO - info:102 - ✅ 使用默认永续合约交易对列表: 30 个
2026-01-03 15:37:05,125 - ExchangeAdapter.backpack - INFO - info:102 - 📊 交易对类型: 100% 永续合约
2026-01-03 15:37:05,255 - ExchangeAdapter.backpack - ERROR - error:116 - 创建订单失败: Cannot connect to host api.backpack.exchange:443 ssl:default [Connection reset by peer]
2026-01-03 15:37:05,256 - ExchangeAdapter.backpack - ERROR - error:116 - 异常类型: ClientConnectorError
2026-01-03 15:37:05,256 - ExchangeAdapter.backpack - ERROR - error:116 - 订单数据: {'symbol': 'BTC_USDC_PERP', 'side': 'Bid', 'orderType': 'Limit', 'quantity': '0.002', 'price': '86000'}
2026-01-03 15:37:05,258 - ExchangeAdapter.backpack - ERROR - error:116 - 异常堆栈: Traceback (most recent call last):
  File "/Users/lichenglin/PycharmProjects/PythonProject/crypto-trading-open/env/lib/python3.9/site-packages/aiohttp/connector.py", line 992, in _wrap_create_connection
    return await self._loop.create_connection(*args, **kwargs)
  File "/usr/local/Cellar/python@3.9/3.9.12/Frameworks/Python.framework/Versions/3.9/lib/python3.9/asyncio/base_events.py", line 1090, in create_connection
    transport, protocol = await self._create_connection_transport(
  File "/usr/local/Cellar/python@3.9/3.9.12/Frameworks/Python.framework/Versions/3.9/lib/python3.9/asyncio/base_events.py", line 1120, in _create_connection_transport
    await waiter
  File "/usr/local/Cellar/python@3.9/3.9.12/Frameworks/Python.framework/Versions/3.9/lib/python3.9/asyncio/selector_events.py", line 853, in _read_ready__data_received
    data = self._sock.recv(self.max_size)
ConnectionResetError: [Errno 54] Connection reset by peer

The above exception was the direct cause of the following exception:

Traceback (most recent call last):
  File "/Users/lichenglin/PycharmProjects/PythonProject/crypto-trading-open/core/adapters/exchanges/adapters/backpack_rest.py", line 1498, in create_order
    response = await self._make_authenticated_request("POST", "/api/v1/order", data=order_data)
  File "/Users/lichenglin/PycharmProjects/PythonProject/crypto-trading-open/core/adapters/exchanges/adapters/backpack_rest.py", line 387, in _make_authenticated_request
    async with self.session.request(
  File "/Users/lichenglin/PycharmProjects/PythonProject/crypto-trading-open/env/lib/python3.9/site-packages/aiohttp/client.py", line 1187, in __aenter__
    self._resp = await self._coro
  File "/Users/lichenglin/PycharmProjects/PythonProject/crypto-trading-open/env/lib/python3.9/site-packages/aiohttp/client.py", line 574, in _request
    conn = await self._connector.connect(
  File "/Users/lichenglin/PycharmProjects/PythonProject/crypto-trading-open/env/lib/python3.9/site-packages/aiohttp/connector.py", line 544, in connect
    proto = await self._create_connection(req, traces, timeout)
  File "/Users/lichenglin/PycharmProjects/PythonProject/crypto-trading-open/env/lib/python3.9/site-packages/aiohttp/connector.py", line 911, in _create_connection
    _, proto = await self._create_direct_connection(req, traces, timeout)
  File "/Users/lichenglin/PycharmProjects/PythonProject/crypto-trading-open/env/lib/python3.9/site-packages/aiohttp/connector.py", line 1235, in _create_direct_connection
    raise last_exc
  File "/Users/lichenglin/PycharmProjects/PythonProject/crypto-trading-open/env/lib/python3.9/site-packages/aiohttp/connector.py", line 1204, in _create_direct_connection
    transp, proto = await self._wrap_create_connection(
  File "/Users/lichenglin/PycharmProjects/PythonProject/crypto-trading-open/env/lib/python3.9/site-packages/aiohttp/connector.py", line 1000, in _wrap_create_connection
    raise client_error(req.connection_key, exc) from exc
aiohttp.client_exceptions.ClientConnectorError: Cannot connect to host api.backpack.exchange:443 ssl:default [Connection reset by peer]

2026-01-03 15:37:05,391 - ExchangeAdapter.backpack - ERROR - error:116 - 创建订单失败: Cannot connect to host api.backpack.exchange:443 ssl:default [Connection reset by peer]
2026-01-03 15:37:05,392 - ExchangeAdapter.backpack - ERROR - error:116 - 异常类型: ClientConnectorError
2026-01-03 15:37:05,392 - ExchangeAdapter.backpack - ERROR - error:116 - 订单数据: {'symbol': 'BTC_USDC_PERP', 'side': 'Bid', 'orderType': 'Limit', 'quantity': '0.002', 'price': '87000'}
2026-01-03 15:37:05,394 - ExchangeAdapter.backpack - ERROR - error:116 - 异常堆栈: Traceback (most recent call last):
  File "/Users/lichenglin/PycharmProjects/PythonProject/crypto-trading-open/env/lib/python3.9/site-packages/aiohttp/connector.py", line 992, in _wrap_create_connection
    return await self._loop.create_connection(*args, **kwargs)
  File "/usr/local/Cellar/python@3.9/3.9.12/Frameworks/Python.framework/Versions/3.9/lib/python3.9/asyncio/base_events.py", line 1090, in create_connection
    transport, protocol = await self._create_connection_transport(
  File "/usr/local/Cellar/python@3.9/3.9.12/Frameworks/Python.framework/Versions/3.9/lib/python3.9/asyncio/base_events.py", line 1120, in _create_connection_transport
    await waiter
  File "/usr/local/Cellar/python@3.9/3.9.12/Frameworks/Python.framework/Versions/3.9/lib/python3.9/asyncio/selector_events.py", line 853, in _read_ready__data_received
    data = self._sock.recv(self.max_size)
ConnectionResetError: [Errno 54] Connection reset by peer

The above exception was the direct cause of the following exception:

Traceback (most recent call last):
  File "/Users/lichenglin/PycharmProjects/PythonProject/crypto-trading-open/core/adapters/exchanges/adapters/backpack_rest.py", line 1498, in create_order
    response = await self._make_authenticated_request("POST", "/api/v1/order", data=order_data)
  File "/Users/lichenglin/PycharmProjects/PythonProject/crypto-trading-open/core/adapters/exchanges/adapters/backpack_rest.py", line 387, in _make_authenticated_request
    async with self.session.request(
  File "/Users/lichenglin/PycharmProjects/PythonProject/crypto-trading-open/env/lib/python3.9/site-packages/aiohttp/client.py", line 1187, in __aenter__
    self._resp = await self._coro
  File "/Users/lichenglin/PycharmProjects/PythonProject/crypto-trading-open/env/lib/python3.9/site-packages/aiohttp/client.py", line 574, in _request
    conn = await self._connector.connect(
  File "/Users/lichenglin/PycharmProjects/PythonProject/crypto-trading-open/env/lib/python3.9/site-packages/aiohttp/connector.py", line 544, in connect
    proto = await self._create_connection(req, traces, timeout)
  File "/Users/lichenglin/PycharmProjects/PythonProject/crypto-trading-open/env/lib/python3.9/site-packages/aiohttp/connector.py", line 911, in _create_connection
    _, proto = await self._create_direct_connection(req, traces, timeout)
  File "/Users/lichenglin/PycharmProjects/PythonProject/crypto-trading-open/env/lib/python3.9/site-packages/aiohttp/connector.py", line 1235, in _create_direct_connection
    raise last_exc
  File "/Users/lichenglin/PycharmProjects/PythonProject/crypto-trading-open/env/lib/python3.9/site-packages/aiohttp/connector.py", line 1204, in _create_direct_connection
    transp, proto = await self._wrap_create_connection(
  File "/Users/lichenglin/PycharmProjects/PythonProject/crypto-trading-open/env/lib/python3.9/site-packages/aiohttp/connector.py", line 1000, in _wrap_create_connection
    raise client_error(req.connection_key, exc) from exc
aiohttp.client_exceptions.ClientConnectorError: Cannot connect to host api.backpack.exchange:443 ssl:default [Connection reset by peer]

2026-01-03 15:37:06,076 - ExchangeAdapter.backpack - ERROR - error:116 - 获取支持的交易对时出错: Cannot connect to host api.backpack.exchange:443 ssl:default [Connection reset by peer]
2026-01-03 15:37:06,076 - ExchangeAdapter.backpack - INFO - info:102 - ✅ 使用默认永续合约交易对列表: 30 个
2026-01-03 15:37:06,077 - ExchangeAdapter.backpack - INFO - info:102 - 📊 交易对类型: 100% 永续合约
2026-01-03 15:37:06,170 - ExchangeAdapter.backpack - ERROR - error:116 - 创建订单失败: Cannot connect to host api.backpack.exchange:443 ssl:default [Connection reset by peer]
2026-01-03 15:37:06,171 - ExchangeAdapter.backpack - ERROR - error:116 - 异常类型: ClientConnectorError
2026-01-03 15:37:06,171 - ExchangeAdapter.backpack - ERROR - error:116 - 订单数据: {'symbol': 'BTC_USDC_PERP', 'side': 'Bid', 'orderType': 'Limit', 'quantity': '0.002', 'price': '89000'}
2026-01-03 15:37:06,172 - ExchangeAdapter.backpack - ERROR - error:116 - 异常堆栈: Traceback (most recent call last):
  File "/Users/lichenglin/PycharmProjects/PythonProject/crypto-trading-open/env/lib/python3.9/site-packages/aiohttp/connector.py", line 992, in _wrap_create_connection
    return await self._loop.create_connection(*args, **kwargs)
  File "/usr/local/Cellar/python@3.9/3.9.12/Frameworks/Python.framework/Versions/3.9/lib/python3.9/asyncio/base_events.py", line 1090, in create_connection
    transport, protocol = await self._create_connection_transport(
  File "/usr/local/Cellar/python@3.9/3.9.12/Frameworks/Python.framework/Versions/3.9/lib/python3.9/asyncio/base_events.py", line 1120, in _create_connection_transport
    await waiter
  File "/usr/local/Cellar/python@3.9/3.9.12/Frameworks/Python.framework/Versions/3.9/lib/python3.9/asyncio/selector_events.py", line 853, in _read_ready__data_received
    data = self._sock.recv(self.max_size)
ConnectionResetError: [Errno 54] Connection reset by peer

The above exception was the direct cause of the following exception:

Traceback (most recent call last):
  File "/Users/lichenglin/PycharmProjects/PythonProject/crypto-trading-open/core/adapters/exchanges/adapters/backpack_rest.py", line 1498, in create_order
    response = await self._make_authenticated_request("POST", "/api/v1/order", data=order_data)
  File "/Users/lichenglin/PycharmProjects/PythonProject/crypto-trading-open/core/adapters/exchanges/adapters/backpack_rest.py", line 387, in _make_authenticated_request
    async with self.session.request(
  File "/Users/lichenglin/PycharmProjects/PythonProject/crypto-trading-open/env/lib/python3.9/site-packages/aiohttp/client.py", line 1187, in __aenter__
    self._resp = await self._coro
  File "/Users/lichenglin/PycharmProjects/PythonProject/crypto-trading-open/env/lib/python3.9/site-packages/aiohttp/client.py", line 574, in _request
    conn = await self._connector.connect(
  File "/Users/lichenglin/PycharmProjects/PythonProject/crypto-trading-open/env/lib/python3.9/site-packages/aiohttp/connector.py", line 544, in connect
    proto = await self._create_connection(req, traces, timeout)
  File "/Users/lichenglin/PycharmProjects/PythonProject/crypto-trading-open/env/lib/python3.9/site-packages/aiohttp/connector.py", line 911, in _create_connection
    _, proto = await self._create_direct_connection(req, traces, timeout)
  File "/Users/lichenglin/PycharmProjects/PythonProject/crypto-trading-open/env/lib/python3.9/site-packages/aiohttp/connector.py", line 1235, in _create_direct_connection
    raise last_exc
  File "/Users/lichenglin/PycharmProjects/PythonProject/crypto-trading-open/env/lib/python3.9/site-packages/aiohttp/connector.py", line 1204, in _create_direct_connection
    transp, proto = await self._wrap_create_connection(
  File "/Users/lichenglin/PycharmProjects/PythonProject/crypto-trading-open/env/lib/python3.9/site-packages/aiohttp/connector.py", line 1000, in _wrap_create_connection
    raise client_error(req.connection_key, exc) from exc
aiohttp.client_exceptions.ClientConnectorError: Cannot connect to host api.backpack.exchange:443 ssl:default [Connection reset by peer]

2026-01-03 15:37:06,316 - ExchangeAdapter.backpack - ERROR - error:116 - 创建订单失败: Cannot connect to host api.backpack.exchange:443 ssl:default [Connection reset by peer]
2026-01-03 15:37:06,317 - ExchangeAdapter.backpack - ERROR - error:116 - 异常类型: ClientConnectorError
2026-01-03 15:37:06,317 - ExchangeAdapter.backpack - ERROR - error:116 - 订单数据: {'symbol': 'BTC_USDC_PERP', 'side': 'Bid', 'orderType': 'Limit', 'quantity': '0.002', 'price': '88000'}
2026-01-03 15:37:06,319 - ExchangeAdapter.backpack - ERROR - error:116 - 异常堆栈: Traceback (most recent call last):
  File "/Users/lichenglin/PycharmProjects/PythonProject/crypto-trading-open/env/lib/python3.9/site-packages/aiohttp/connector.py", line 992, in _wrap_create_connection
    return await self._loop.create_connection(*args, **kwargs)
  File "/usr/local/Cellar/python@3.9/3.9.12/Frameworks/Python.framework/Versions/3.9/lib/python3.9/asyncio/base_events.py", line 1090, in create_connection
    transport, protocol = await self._create_connection_transport(
  File "/usr/local/Cellar/python@3.9/3.9.12/Frameworks/Python.framework/Versions/3.9/lib/python3.9/asyncio/base_events.py", line 1120, in _create_connection_transport
    await waiter
  File "/usr/local/Cellar/python@3.9/3.9.12/Frameworks/Python.framework/Versions/3.9/lib/python3.9/asyncio/selector_events.py", line 853, in _read_ready__data_received
    data = self._sock.recv(self.max_size)
ConnectionResetError: [Errno 54] Connection reset by peer

The above exception was the direct cause of the following exception:

Traceback (most recent call last):
  File "/Users/lichenglin/PycharmProjects/PythonProject/crypto-trading-open/core/adapters/exchanges/adapters/backpack_rest.py", line 1498, in create_order
    response = await self._make_authenticated_request("POST", "/api/v1/order", data=order_data)
  File "/Users/lichenglin/PycharmProjects/PythonProject/crypto-trading-open/core/adapters/exchanges/adapters/backpack_rest.py", line 387, in _make_authenticated_request
    async with self.session.request(
  File "/Users/lichenglin/PycharmProjects/PythonProject/crypto-trading-open/env/lib/python3.9/site-packages/aiohttp/client.py", line 1187, in __aenter__
    self._resp = await self._coro
  File "/Users/lichenglin/PycharmProjects/PythonProject/crypto-trading-open/env/lib/python3.9/site-packages/aiohttp/client.py", line 574, in _request
    conn = await self._connector.connect(
  File "/Users/lichenglin/PycharmProjects/PythonProject/crypto-trading-open/env/lib/python3.9/site-packages/aiohttp/connector.py", line 544, in connect
    proto = await self._create_connection(req, traces, timeout)
  File "/Users/lichenglin/PycharmProjects/PythonProject/crypto-trading-open/env/lib/python3.9/site-packages/aiohttp/connector.py", line 911, in _create_connection
    _, proto = await self._create_direct_connection(req, traces, timeout)
  File "/Users/lichenglin/PycharmProjects/PythonProject/crypto-trading-open/env/lib/python3.9/site-packages/aiohttp/connector.py", line 1235, in _create_direct_connection
    raise last_exc
  File "/Users/lichenglin/PycharmProjects/PythonProject/crypto-trading-open/env/lib/python3.9/site-packages/aiohttp/connector.py", line 1204, in _create_direct_connection
    transp, proto = await self._wrap_create_connection(
  File "/Users/lichenglin/PycharmProjects/PythonProject/crypto-trading-open/env/lib/python3.9/site-packages/aiohttp/connector.py", line 1000, in _wrap_create_connection
    raise client_error(req.connection_key, exc) from exc
aiohttp.client_exceptions.ClientConnectorError: Cannot connect to host api.backpack.exchange:443 ssl:default [Connection reset by peer]

2026-01-03 15:37:07,296 - ExchangeAdapter.backpack - ERROR - error:116 - 创建订单失败: Cannot connect to host api.backpack.exchange:443 ssl:default [Connection reset by peer]
2026-01-03 15:37:07,297 - ExchangeAdapter.backpack - ERROR - error:116 - 异常类型: ClientConnectorError
2026-01-03 15:37:07,298 - ExchangeAdapter.backpack - ERROR - error:116 - 订单数据: {'symbol': 'BTC_USDC_PERP', 'side': 'Bid', 'orderType': 'Limit', 'quantity': '0.002', 'price': '90000'}
2026-01-03 15:37:07,299 - ExchangeAdapter.backpack - ERROR - error:116 - 异常堆栈: Traceback (most recent call last):
  File "/Users/lichenglin/PycharmProjects/PythonProject/crypto-trading-open/env/lib/python3.9/site-packages/aiohttp/connector.py", line 992, in _wrap_create_connection
    return await self._loop.create_connection(*args, **kwargs)
  File "/usr/local/Cellar/python@3.9/3.9.12/Frameworks/Python.framework/Versions/3.9/lib/python3.9/asyncio/base_events.py", line 1090, in create_connection
    transport, protocol = await self._create_connection_transport(
  File "/usr/local/Cellar/python@3.9/3.9.12/Frameworks/Python.framework/Versions/3.9/lib/python3.9/asyncio/base_events.py", line 1120, in _create_connection_transport
    await waiter
  File "/usr/local/Cellar/python@3.9/3.9.12/Frameworks/Python.framework/Versions/3.9/lib/python3.9/asyncio/selector_events.py", line 853, in _read_ready__data_received
    data = self._sock.recv(self.max_size)
ConnectionResetError: [Errno 54] Connection reset by peer

The above exception was the direct cause of the following exception:

Traceback (most recent call last):
  File "/Users/lichenglin/PycharmProjects/PythonProject/crypto-trading-open/core/adapters/exchanges/adapters/backpack_rest.py", line 1498, in create_order
    response = await self._make_authenticated_request("POST", "/api/v1/order", data=order_data)
  File "/Users/lichenglin/PycharmProjects/PythonProject/crypto-trading-open/core/adapters/exchanges/adapters/backpack_rest.py", line 387, in _make_authenticated_request
    async with self.session.request(
  File "/Users/lichenglin/PycharmProjects/PythonProject/crypto-trading-open/env/lib/python3.9/site-packages/aiohttp/client.py", line 1187, in __aenter__
    self._resp = await self._coro
  File "/Users/lichenglin/PycharmProjects/PythonProject/crypto-trading-open/env/lib/python3.9/site-packages/aiohttp/client.py", line 574, in _request
    conn = await self._connector.connect(
  File "/Users/lichenglin/PycharmProjects/PythonProject/crypto-trading-open/env/lib/python3.9/site-packages/aiohttp/connector.py", line 544, in connect
    proto = await self._create_connection(req, traces, timeout)
  File "/Users/lichenglin/PycharmProjects/PythonProject/crypto-trading-open/env/lib/python3.9/site-packages/aiohttp/connector.py", line 911, in _create_connection
    _, proto = await self._create_direct_connection(req, traces, timeout)
  File "/Users/lichenglin/PycharmProjects/PythonProject/crypto-trading-open/env/lib/python3.9/site-packages/aiohttp/connector.py", line 1235, in _create_direct_connection
    raise last_exc
  File "/Users/lichenglin/PycharmProjects/PythonProject/crypto-trading-open/env/lib/python3.9/site-packages/aiohttp/connector.py", line 1204, in _create_direct_connection
    transp, proto = await self._wrap_create_connection(
  File "/Users/lichenglin/PycharmProjects/PythonProject/crypto-trading-open/env/lib/python3.9/site-packages/aiohttp/connector.py", line 1000, in _wrap_create_connection
    raise client_error(req.connection_key, exc) from exc
aiohttp.client_exceptions.ClientConnectorError: Cannot connect to host api.backpack.exchange:443 ssl:default [Connection reset by peer]

2026-01-03 15:37:10,466 - ExchangeAdapter.backpack - ERROR - error:116 - 获取持仓失败: Cannot connect to host api.backpack.exchange:443 ssl:default [Connection reset by peer]
2026-01-03 15:37:10,651 - ExchangeAdapter.backpack - ERROR - error:116 - ❌ [Backpack] 余额查询失败: Cannot connect to host api.backpack.exchange:443 ssl:default [Connection reset by peer]
Traceback (most recent call last):
  File "/Users/lichenglin/PycharmProjects/PythonProject/crypto-trading-open/env/lib/python3.9/site-packages/aiohttp/connector.py", line 992, in _wrap_create_connection
    return await self._loop.create_connection(*args, **kwargs)
  File "/usr/local/Cellar/python@3.9/3.9.12/Frameworks/Python.framework/Versions/3.9/lib/python3.9/asyncio/base_events.py", line 1090, in create_connection
    transport, protocol = await self._create_connection_transport(
  File "/usr/local/Cellar/python@3.9/3.9.12/Frameworks/Python.framework/Versions/3.9/lib/python3.9/asyncio/base_events.py", line 1120, in _create_connection_transport
    await waiter
  File "/usr/local/Cellar/python@3.9/3.9.12/Frameworks/Python.framework/Versions/3.9/lib/python3.9/asyncio/selector_events.py", line 853, in _read_ready__data_received
    data = self._sock.recv(self.max_size)
ConnectionResetError: [Errno 54] Connection reset by peer

The above exception was the direct cause of the following exception:

Traceback (most recent call last):
  File "/Users/lichenglin/PycharmProjects/PythonProject/crypto-trading-open/core/adapters/exchanges/adapters/backpack_rest.py", line 1036, in get_balances
    data = await self._make_authenticated_request("GET", "/api/v1/capital/collateral")
  File "/Users/lichenglin/PycharmProjects/PythonProject/crypto-trading-open/core/adapters/exchanges/adapters/backpack_rest.py", line 387, in _make_authenticated_request
    async with self.session.request(
  File "/Users/lichenglin/PycharmProjects/PythonProject/crypto-trading-open/env/lib/python3.9/site-packages/aiohttp/client.py", line 1187, in __aenter__
    self._resp = await self._coro
  File "/Users/lichenglin/PycharmProjects/PythonProject/crypto-trading-open/env/lib/python3.9/site-packages/aiohttp/client.py", line 574, in _request
    conn = await self._connector.connect(
  File "/Users/lichenglin/PycharmProjects/PythonProject/crypto-trading-open/env/lib/python3.9/site-packages/aiohttp/connector.py", line 544, in connect
    proto = await self._create_connection(req, traces, timeout)
  File "/Users/lichenglin/PycharmProjects/PythonProject/crypto-trading-open/env/lib/python3.9/site-packages/aiohttp/connector.py", line 911, in _create_connection
    _, proto = await self._create_direct_connection(req, traces, timeout)
  File "/Users/lichenglin/PycharmProjects/PythonProject/crypto-trading-open/env/lib/python3.9/site-packages/aiohttp/connector.py", line 1235, in _create_direct_connection
    raise last_exc
  File "/Users/lichenglin/PycharmProjects/PythonProject/crypto-trading-open/env/lib/python3.9/site-packages/aiohttp/connector.py", line 1204, in _create_direct_connection
    transp, proto = await self._wrap_create_connection(
  File "/Users/lichenglin/PycharmProjects/PythonProject/crypto-trading-open/env/lib/python3.9/site-packages/aiohttp/connector.py", line 1000, in _wrap_create_connection
    raise client_error(req.connection_key, exc) from exc
aiohttp.client_exceptions.ClientConnectorError: Cannot connect to host api.backpack.exchange:443 ssl:default [Connection reset by peer]
2026-01-03 15:37:29,271 - ExchangeAdapter.backpack - ERROR - error:116 - 获取行情失败 BTC_USDC_PERP: Cannot connect to host api.backpack.exchange:443 ssl:default [Connection reset by peer]
2026-01-03 15:37:29,502 - ExchangeAdapter.backpack - ERROR - error:116 - 获取 BTC_USDC_PERP 订单簿快照失败: Cannot connect to host api.backpack.exchange:443 ssl:default [Connection reset by peer]
2026-01-03 15:37:29,503 - ExchangeAdapter.backpack - ERROR - error:116 - 获取订单簿失败 BTC_USDC_PERP: Cannot connect to host api.backpack.exchange:443 ssl:default [Connection reset by peer]
2026-01-03 15:37:59,164 - ExchangeAdapter.backpack - ERROR - error:116 - 获取持仓失败: Cannot connect to host api.backpack.exchange:443 ssl:default [Connection reset by peer]
2026-01-03 15:37:59,729 - ExchangeAdapter.backpack - ERROR - error:116 - 获取行情失败 BTC_USDC_PERP: Cannot connect to host api.backpack.exchange:443 ssl:default [Connection reset by peer]
2026-01-03 15:38:00,059 - ExchangeAdapter.backpack - ERROR - error:116 - 获取 BTC_USDC_PERP 订单簿快照失败: Cannot connect to host api.backpack.exchange:443 ssl:default [Connection reset by peer]
2026-01-03 15:38:00,060 - ExchangeAdapter.backpack - ERROR - error:116 - 获取订单簿失败 BTC_USDC_PERP: Cannot connect to host api.backpack.exchange:443 ssl:default [Connection reset by peer]
2026-01-03 15:38:10,562 - ExchangeAdapter.backpack - ERROR - error:116 - 获取开放订单失败: Cannot connect to host api.backpack.exchange:443 ssl:default [Connection reset by peer]
2026-01-03 15:38:10,626 - ExchangeAdapter.backpack - ERROR - error:116 - 获取持仓失败: Cannot connect to host api.backpack.exchange:443 ssl:default [Connection reset by peer]
2026-01-03 15:38:10,994 - ExchangeAdapter.backpack - ERROR - error:116 - ❌ [Backpack] 余额查询失败: Cannot connect to host api.backpack.exchange:443 ssl:default [Connection reset by peer]
Traceback (most recent call last):
  File "/Users/lichenglin/PycharmProjects/PythonProject/crypto-trading-open/env/lib/python3.9/site-packages/aiohttp/connector.py", line 992, in _wrap_create_connection
    return await self._loop.create_connection(*args, **kwargs)
  File "/usr/local/Cellar/python@3.9/3.9.12/Frameworks/Python.framework/Versions/3.9/lib/python3.9/asyncio/base_events.py", line 1090, in create_connection
    transport, protocol = await self._create_connection_transport(
  File "/usr/local/Cellar/python@3.9/3.9.12/Frameworks/Python.framework/Versions/3.9/lib/python3.9/asyncio/base_events.py", line 1120, in _create_connection_transport
    await waiter
  File "/usr/local/Cellar/python@3.9/3.9.12/Frameworks/Python.framework/Versions/3.9/lib/python3.9/asyncio/selector_events.py", line 853, in _read_ready__data_received
    data = self._sock.recv(self.max_size)
ConnectionResetError: [Errno 54] Connection reset by peer

The above exception was the direct cause of the following exception:

Traceback (most recent call last):
  File "/Users/lichenglin/PycharmProjects/PythonProject/crypto-trading-open/core/adapters/exchanges/adapters/backpack_rest.py", line 1036, in get_balances
    data = await self._make_authenticated_request("GET", "/api/v1/capital/collateral")
  File "/Users/lichenglin/PycharmProjects/PythonProject/crypto-trading-open/core/adapters/exchanges/adapters/backpack_rest.py", line 387, in _make_authenticated_request
    async with self.session.request(
  File "/Users/lichenglin/PycharmProjects/PythonProject/crypto-trading-open/env/lib/python3.9/site-packages/aiohttp/client.py", line 1187, in __aenter__
    self._resp = await self._coro
  File "/Users/lichenglin/PycharmProjects/PythonProject/crypto-trading-open/env/lib/python3.9/site-packages/aiohttp/client.py", line 574, in _request
    conn = await self._connector.connect(
  File "/Users/lichenglin/PycharmProjects/PythonProject/crypto-trading-open/env/lib/python3.9/site-packages/aiohttp/connector.py", line 544, in connect
    proto = await self._create_connection(req, traces, timeout)
  File "/Users/lichenglin/PycharmProjects/PythonProject/crypto-trading-open/env/lib/python3.9/site-packages/aiohttp/connector.py", line 911, in _create_connection
    _, proto = await self._create_direct_connection(req, traces, timeout)
  File "/Users/lichenglin/PycharmProjects/PythonProject/crypto-trading-open/env/lib/python3.9/site-packages/aiohttp/connector.py", line 1235, in _create_direct_connection
    raise last_exc
  File "/Users/lichenglin/PycharmProjects/PythonProject/crypto-trading-open/env/lib/python3.9/site-packages/aiohttp/connector.py", line 1204, in _create_direct_connection
    transp, proto = await self._wrap_create_connection(
  File "/Users/lichenglin/PycharmProjects/PythonProject/crypto-trading-open/env/lib/python3.9/site-packages/aiohttp/connector.py", line 1000, in _wrap_create_connection
    raise client_error(req.connection_key, exc) from exc
aiohttp.client_exceptions.ClientConnectorError: Cannot connect to host api.backpack.exchange:443 ssl:default [Connection reset by peer]
2026-01-03 15:38:11,354 - ExchangeAdapter.backpack - ERROR - error:116 - 获取持仓失败: Cannot connect to host api.backpack.exchange:443 ssl:default [Connection reset by peer]
2026-01-03 15:38:12,353 - ExchangeAdapter.backpack - ERROR - error:116 - 获取开放订单失败: Cannot connect to host api.backpack.exchange:443 ssl:default [Connection reset by peer]
2026-01-03 15:38:12,953 - ExchangeAdapter.backpack - ERROR - error:116 - 获取持仓失败: Cannot connect to host api.backpack.exchange:443 ssl:default [Connection reset by peer]
2026-01-03 15:38:13,050 - ExchangeAdapter.backpack - ERROR - error:116 - 获取开放订单失败: Cannot connect to host api.backpack.exchange:443 ssl:default [Connection reset by peer]
2026-01-03 15:38:30,324 - ExchangeAdapter.backpack - ERROR - error:116 - 获取行情失败 BTC_USDC_PERP: Cannot connect to host api.backpack.exchange:443 ssl:default [Connection reset by peer]
2026-01-03 15:38:30,591 - ExchangeAdapter.backpack - ERROR - error:116 - 获取 BTC_USDC_PERP 订单簿快照失败: Cannot connect to host api.backpack.exchange:443 ssl:default [Connection reset by peer]
2026-01-03 15:38:30,592 - ExchangeAdapter.backpack - ERROR - error:116 - 获取订单簿失败 BTC_USDC_PERP: Cannot connect to host api.backpack.exchange:443 ssl:default [Connection reset by peer]
2026-01-03 15:39:00,405 - ExchangeAdapter.backpack - ERROR - error:116 - 获取持仓失败: Cannot connect to host api.backpack.exchange:443 ssl:default [Connection reset by peer]
2026-01-03 15:39:01,971 - ExchangeAdapter.backpack - ERROR - error:116 - 获取行情失败 BTC_USDC_PERP: Cannot connect to host api.backpack.exchange:443 ssl:default [Connection reset by peer]
2026-01-03 15:39:02,297 - ExchangeAdapter.backpack - ERROR - error:116 - 获取 BTC_USDC_PERP 订单簿快照失败: Cannot connect to host api.backpack.exchange:443 ssl:default [Connection reset by peer]
2026-01-03 15:39:02,298 - ExchangeAdapter.backpack - ERROR - error:116 - 获取订单簿失败 BTC_USDC_PERP: Cannot connect to host api.backpack.exchange:443 ssl:default [Connection reset by peer]
2026-01-03 15:39:12,339 - ExchangeAdapter.backpack - ERROR - error:116 - ❌ [Backpack] 余额查询失败: Cannot connect to host api.backpack.exchange:443 ssl:default [Connection reset by peer]
Traceback (most recent call last):
  File "/Users/lichenglin/PycharmProjects/PythonProject/crypto-trading-open/env/lib/python3.9/site-packages/aiohttp/connector.py", line 992, in _wrap_create_connection
    return await self._loop.create_connection(*args, **kwargs)
  File "/usr/local/Cellar/python@3.9/3.9.12/Frameworks/Python.framework/Versions/3.9/lib/python3.9/asyncio/base_events.py", line 1090, in create_connection
    transport, protocol = await self._create_connection_transport(
  File "/usr/local/Cellar/python@3.9/3.9.12/Frameworks/Python.framework/Versions/3.9/lib/python3.9/asyncio/base_events.py", line 1120, in _create_connection_transport
    await waiter
  File "/usr/local/Cellar/python@3.9/3.9.12/Frameworks/Python.framework/Versions/3.9/lib/python3.9/asyncio/selector_events.py", line 853, in _read_ready__data_received
    data = self._sock.recv(self.max_size)
ConnectionResetError: [Errno 54] Connection reset by peer

The above exception was the direct cause of the following exception:

Traceback (most recent call last):
  File "/Users/lichenglin/PycharmProjects/PythonProject/crypto-trading-open/core/adapters/exchanges/adapters/backpack_rest.py", line 1036, in get_balances
    data = await self._make_authenticated_request("GET", "/api/v1/capital/collateral")
  File "/Users/lichenglin/PycharmProjects/PythonProject/crypto-trading-open/core/adapters/exchanges/adapters/backpack_rest.py", line 387, in _make_authenticated_request
    async with self.session.request(
  File "/Users/lichenglin/PycharmProjects/PythonProject/crypto-trading-open/env/lib/python3.9/site-packages/aiohttp/client.py", line 1187, in __aenter__
    self._resp = await self._coro
  File "/Users/lichenglin/PycharmProjects/PythonProject/crypto-trading-open/env/lib/python3.9/site-packages/aiohttp/client.py", line 574, in _request
    conn = await self._connector.connect(
  File "/Users/lichenglin/PycharmProjects/PythonProject/crypto-trading-open/env/lib/python3.9/site-packages/aiohttp/connector.py", line 544, in connect
    proto = await self._create_connection(req, traces, timeout)
  File "/Users/lichenglin/PycharmProjects/PythonProject/crypto-trading-open/env/lib/python3.9/site-packages/aiohttp/connector.py", line 911, in _create_connection
    _, proto = await self._create_direct_connection(req, traces, timeout)
  File "/Users/lichenglin/PycharmProjects/PythonProject/crypto-trading-open/env/lib/python3.9/site-packages/aiohttp/connector.py", line 1235, in _create_direct_connection
    raise last_exc
  File "/Users/lichenglin/PycharmProjects/PythonProject/crypto-trading-open/env/lib/python3.9/site-packages/aiohttp/connector.py", line 1204, in _create_direct_connection
    transp, proto = await self._wrap_create_connection(
  File "/Users/lichenglin/PycharmProjects/PythonProject/crypto-trading-open/env/lib/python3.9/site-packages/aiohttp/connector.py", line 1000, in _wrap_create_connection
    raise client_error(req.connection_key, exc) from exc
aiohttp.client_exceptions.ClientConnectorError: Cannot connect to host api.backpack.exchange:443 ssl:default [Connection reset by peer]
2026-01-03 15:39:33,620 - ExchangeAdapter.backpack - ERROR - error:116 - 获取行情失败 BTC_USDC_PERP: Cannot connect to host api.backpack.exchange:443 ssl:default [Connection reset by peer]
2026-01-03 15:39:33,912 - ExchangeAdapter.backpack - ERROR - error:116 - 获取 BTC_USDC_PERP 订单簿快照失败: Cannot connect to host api.backpack.exchange:443 ssl:default [Connection reset by peer]
2026-01-03 15:39:33,913 - ExchangeAdapter.backpack - ERROR - error:116 - 获取订单簿失败 BTC_USDC_PERP: Cannot connect to host api.backpack.exchange:443 ssl:default [Connection reset by peer]
2026-01-03 15:40:02,732 - ExchangeAdapter.backpack - ERROR - error:116 - 获取持仓失败: Cannot connect to host api.backpack.exchange:443 ssl:default [Connection reset by peer]
2026-01-03 15:40:04,352 - ExchangeAdapter.backpack - ERROR - error:116 - 获取行情失败 BTC_USDC_PERP: Cannot connect to host api.backpack.exchange:443 ssl:default [Connection reset by peer]
2026-01-03 15:40:04,566 - ExchangeAdapter.backpack - ERROR - error:116 - 获取 BTC_USDC_PERP 订单簿快照失败: Cannot connect to host api.backpack.exchange:443 ssl:default [Connection reset by peer]
2026-01-03 15:40:04,566 - ExchangeAdapter.backpack - ERROR - error:116 - 获取订单簿失败 BTC_USDC_PERP: Cannot connect to host api.backpack.exchange:443 ssl:default [Connection reset by peer]
2026-01-03 15:40:12,694 - ExchangeAdapter.backpack - ERROR - error:116 - ❌ [Backpack] 余额查询失败: Cannot connect to host api.backpack.exchange:443 ssl:default [Connection reset by peer]
Traceback (most recent call last):
  File "/Users/lichenglin/PycharmProjects/PythonProject/crypto-trading-open/env/lib/python3.9/site-packages/aiohttp/connector.py", line 992, in _wrap_create_connection
    return await self._loop.create_connection(*args, **kwargs)
  File "/usr/local/Cellar/python@3.9/3.9.12/Frameworks/Python.framework/Versions/3.9/lib/python3.9/asyncio/base_events.py", line 1090, in create_connection
    transport, protocol = await self._create_connection_transport(
  File "/usr/local/Cellar/python@3.9/3.9.12/Frameworks/Python.framework/Versions/3.9/lib/python3.9/asyncio/base_events.py", line 1120, in _create_connection_transport
    await waiter
  File "/usr/local/Cellar/python@3.9/3.9.12/Frameworks/Python.framework/Versions/3.9/lib/python3.9/asyncio/selector_events.py", line 853, in _read_ready__data_received
    data = self._sock.recv(self.max_size)
ConnectionResetError: [Errno 54] Connection reset by peer

The above exception was the direct cause of the following exception:

Traceback (most recent call last):
  File "/Users/lichenglin/PycharmProjects/PythonProject/crypto-trading-open/core/adapters/exchanges/adapters/backpack_rest.py", line 1036, in get_balances
  File "/Users/lichenglin/PycharmProjects/PythonProject/crypto-trading-open/core/adapters/exchanges/adapters/backpack_rest.py", line 387, in _make_authenticated_request
    data: Optional[Dict] = None
  File "/Users/lichenglin/PycharmProjects/PythonProject/crypto-trading-open/env/lib/python3.9/site-packages/aiohttp/client.py", line 1187, in __aenter__
    self._resp = await self._coro
  File "/Users/lichenglin/PycharmProjects/PythonProject/crypto-trading-open/env/lib/python3.9/site-packages/aiohttp/client.py", line 574, in _request
    conn = await self._connector.connect(
  File "/Users/lichenglin/PycharmProjects/PythonProject/crypto-trading-open/env/lib/python3.9/site-packages/aiohttp/connector.py", line 544, in connect
    proto = await self._create_connection(req, traces, timeout)
  File "/Users/lichenglin/PycharmProjects/PythonProject/crypto-trading-open/env/lib/python3.9/site-packages/aiohttp/connector.py", line 911, in _create_connection
    _, proto = await self._create_direct_connection(req, traces, timeout)
  File "/Users/lichenglin/PycharmProjects/PythonProject/crypto-trading-open/env/lib/python3.9/site-packages/aiohttp/connector.py", line 1235, in _create_direct_connection
    raise last_exc
  File "/Users/lichenglin/PycharmProjects/PythonProject/crypto-trading-open/env/lib/python3.9/site-packages/aiohttp/connector.py", line 1204, in _create_direct_connection
    transp, proto = await self._wrap_create_connection(
  File "/Users/lichenglin/PycharmProjects/PythonProject/crypto-trading-open/env/lib/python3.9/site-packages/aiohttp/connector.py", line 1000, in _wrap_create_connection
    raise client_error(req.connection_key, exc) from exc
aiohttp.client_exceptions.ClientConnectorError: Cannot connect to host api.backpack.exchange:443 ssl:default [Connection reset by peer]
2026-01-03 15:40:34,720 - ExchangeAdapter.backpack - ERROR - error:116 - 获取行情失败 BTC_USDC_PERP: Cannot connect to host api.backpack.exchange:443 ssl:default [Connection reset by peer]
2026-01-03 15:40:34,996 - ExchangeAdapter.backpack - ERROR - error:116 - 获取 BTC_USDC_PERP 订单簿快照失败: Cannot connect to host api.backpack.exchange:443 ssl:default [Connection reset by peer]
2026-01-03 15:40:34,997 - ExchangeAdapter.backpack - ERROR - error:116 - 获取订单簿失败 BTC_USDC_PERP: Cannot connect to host api.backpack.exchange:443 ssl:default [Connection reset by peer]
2026-01-03 15:41:03,137 - ExchangeAdapter.backpack - ERROR - error:116 - 获取持仓失败: Cannot connect to host api.backpack.exchange:443 ssl:default [Connection reset by peer]
2026-01-03 15:41:05,231 - ExchangeAdapter.backpack - ERROR - error:116 - 获取行情失败 BTC_USDC_PERP: Cannot connect to host api.backpack.exchange:443 ssl:default [Connection reset by peer]
2026-01-03 15:41:06,488 - ExchangeAdapter.backpack - ERROR - error:116 - 获取 BTC_USDC_PERP 订单簿快照失败: Cannot connect to host api.backpack.exchange:443 ssl:default [Connection reset by peer]
2026-01-03 15:41:06,489 - ExchangeAdapter.backpack - ERROR - error:116 - 获取订单簿失败 BTC_USDC_PERP: Cannot connect to host api.backpack.exchange:443 ssl:default [Connection reset by peer]
2026-01-03 15:41:13,005 - ExchangeAdapter.backpack - ERROR - error:116 - ❌ [Backpack] 余额查询失败: Cannot connect to host api.backpack.exchange:443 ssl:default [Connection reset by peer]
Traceback (most recent call last):
  File "/Users/lichenglin/PycharmProjects/PythonProject/crypto-trading-open/env/lib/python3.9/site-packages/aiohttp/connector.py", line 992, in _wrap_create_connection
    return await self._loop.create_connection(*args, **kwargs)
  File "/usr/local/Cellar/python@3.9/3.9.12/Frameworks/Python.framework/Versions/3.9/lib/python3.9/asyncio/base_events.py", line 1090, in create_connection
    transport, protocol = await self._create_connection_transport(
  File "/usr/local/Cellar/python@3.9/3.9.12/Frameworks/Python.framework/Versions/3.9/lib/python3.9/asyncio/base_events.py", line 1120, in _create_connection_transport
    await waiter
  File "/usr/local/Cellar/python@3.9/3.9.12/Frameworks/Python.framework/Versions/3.9/lib/python3.9/asyncio/selector_events.py", line 853, in _read_ready__data_received
    data = self._sock.recv(self.max_size)
ConnectionResetError: [Errno 54] Connection reset by peer

The above exception was the direct cause of the following exception:

Traceback (most recent call last):
  File "/Users/lichenglin/PycharmProjects/PythonProject/crypto-trading-open/core/adapters/exchanges/adapters/backpack_rest.py", line 1036, in get_balances
  File "/Users/lichenglin/PycharmProjects/PythonProject/crypto-trading-open/core/adapters/exchanges/adapters/backpack_rest.py", line 387, in _make_authenticated_request
    data: Optional[Dict] = None
  File "/Users/lichenglin/PycharmProjects/PythonProject/crypto-trading-open/env/lib/python3.9/site-packages/aiohttp/client.py", line 1187, in __aenter__
    self._resp = await self._coro
  File "/Users/lichenglin/PycharmProjects/PythonProject/crypto-trading-open/env/lib/python3.9/site-packages/aiohttp/client.py", line 574, in _request
    conn = await self._connector.connect(
  File "/Users/lichenglin/PycharmProjects/PythonProject/crypto-trading-open/env/lib/python3.9/site-packages/aiohttp/connector.py", line 544, in connect
    proto = await self._create_connection(req, traces, timeout)
  File "/Users/lichenglin/PycharmProjects/PythonProject/crypto-trading-open/env/lib/python3.9/site-packages/aiohttp/connector.py", line 911, in _create_connection
    _, proto = await self._create_direct_connection(req, traces, timeout)
  File "/Users/lichenglin/PycharmProjects/PythonProject/crypto-trading-open/env/lib/python3.9/site-packages/aiohttp/connector.py", line 1235, in _create_direct_connection
    raise last_exc
  File "/Users/lichenglin/PycharmProjects/PythonProject/crypto-trading-open/env/lib/python3.9/site-packages/aiohttp/connector.py", line 1204, in _create_direct_connection
    transp, proto = await self._wrap_create_connection(
  File "/Users/lichenglin/PycharmProjects/PythonProject/crypto-trading-open/env/lib/python3.9/site-packages/aiohttp/connector.py", line 1000, in _wrap_create_connection
    raise client_error(req.connection_key, exc) from exc
aiohttp.client_exceptions.ClientConnectorError: Cannot connect to host api.backpack.exchange:443 ssl:default [Connection reset by peer]
2026-01-03 15:41:36,730 - ExchangeAdapter.backpack - ERROR - error:116 - 获取行情失败 BTC_USDC_PERP: Cannot connect to host api.backpack.exchange:443 ssl:default [Connection reset by peer]
2026-01-03 15:41:38,108 - ExchangeAdapter.backpack - ERROR - error:116 - 获取 BTC_USDC_PERP 订单簿快照失败: Cannot connect to host api.backpack.exchange:443 ssl:default [Connection reset by peer]
2026-01-03 15:41:38,109 - ExchangeAdapter.backpack - ERROR - error:116 - 获取订单簿失败 BTC_USDC_PERP: Cannot connect to host api.backpack.exchange:443 ssl:default [Connection reset by peer]
2026-01-03 15:42:04,462 - ExchangeAdapter.backpack - ERROR - error:116 - 获取持仓失败: Cannot connect to host api.backpack.exchange:443 ssl:default [Connection reset by peer]
2026-01-03 15:42:08,358 - ExchangeAdapter.backpack - ERROR - error:116 - 获取行情失败 BTC_USDC_PERP: Cannot connect to host api.backpack.exchange:443 ssl:default [Connection reset by peer]
2026-01-03 15:42:08,693 - ExchangeAdapter.backpack - ERROR - error:116 - 获取 BTC_USDC_PERP 订单簿快照失败: Cannot connect to host api.backpack.exchange:443 ssl:default [Connection reset by peer]
2026-01-03 15:42:08,693 - ExchangeAdapter.backpack - ERROR - error:116 - 获取订单簿失败 BTC_USDC_PERP: Cannot connect to host api.backpack.exchange:443 ssl:default [Connection reset by peer]
2026-01-03 15:42:13,277 - ExchangeAdapter.backpack - ERROR - error:116 - ❌ [Backpack] 余额查询失败: Cannot connect to host api.backpack.exchange:443 ssl:default [Connection reset by peer]
Traceback (most recent call last):
  File "/Users/lichenglin/PycharmProjects/PythonProject/crypto-trading-open/env/lib/python3.9/site-packages/aiohttp/connector.py", line 992, in _wrap_create_connection
    return await self._loop.create_connection(*args, **kwargs)
  File "/usr/local/Cellar/python@3.9/3.9.12/Frameworks/Python.framework/Versions/3.9/lib/python3.9/asyncio/base_events.py", line 1090, in create_connection
    transport, protocol = await self._create_connection_transport(
  File "/usr/local/Cellar/python@3.9/3.9.12/Frameworks/Python.framework/Versions/3.9/lib/python3.9/asyncio/base_events.py", line 1120, in _create_connection_transport
    await waiter
  File "/usr/local/Cellar/python@3.9/3.9.12/Frameworks/Python.framework/Versions/3.9/lib/python3.9/asyncio/selector_events.py", line 853, in _read_ready__data_received
    data = self._sock.recv(self.max_size)
ConnectionResetError: [Errno 54] Connection reset by peer

The above exception was the direct cause of the following exception:

Traceback (most recent call last):
  File "/Users/lichenglin/PycharmProjects/PythonProject/crypto-trading-open/core/adapters/exchanges/adapters/backpack_rest.py", line 1036, in get_balances
  File "/Users/lichenglin/PycharmProjects/PythonProject/crypto-trading-open/core/adapters/exchanges/adapters/backpack_rest.py", line 387, in _make_authenticated_request
    data: Optional[Dict] = None
  File "/Users/lichenglin/PycharmProjects/PythonProject/crypto-trading-open/env/lib/python3.9/site-packages/aiohttp/client.py", line 1187, in __aenter__
    self._resp = await self._coro
  File "/Users/lichenglin/PycharmProjects/PythonProject/crypto-trading-open/env/lib/python3.9/site-packages/aiohttp/client.py", line 574, in _request
    conn = await self._connector.connect(
  File "/Users/lichenglin/PycharmProjects/PythonProject/crypto-trading-open/env/lib/python3.9/site-packages/aiohttp/connector.py", line 544, in connect
    proto = await self._create_connection(req, traces, timeout)
  File "/Users/lichenglin/PycharmProjects/PythonProject/crypto-trading-open/env/lib/python3.9/site-packages/aiohttp/connector.py", line 911, in _create_connection
    _, proto = await self._create_direct_connection(req, traces, timeout)
  File "/Users/lichenglin/PycharmProjects/PythonProject/crypto-trading-open/env/lib/python3.9/site-packages/aiohttp/connector.py", line 1235, in _create_direct_connection
    raise last_exc
  File "/Users/lichenglin/PycharmProjects/PythonProject/crypto-trading-open/env/lib/python3.9/site-packages/aiohttp/connector.py", line 1204, in _create_direct_connection
    transp, proto = await self._wrap_create_connection(
  File "/Users/lichenglin/PycharmProjects/PythonProject/crypto-trading-open/env/lib/python3.9/site-packages/aiohttp/connector.py", line 1000, in _wrap_create_connection
    raise client_error(req.connection_key, exc) from exc
aiohttp.client_exceptions.ClientConnectorError: Cannot connect to host api.backpack.exchange:443 ssl:default [Connection reset by peer]
2026-01-03 15:42:40,052 - ExchangeAdapter.backpack - ERROR - error:116 - 获取行情失败 BTC_USDC_PERP: Cannot connect to host api.backpack.exchange:443 ssl:default [Connection reset by peer]
2026-01-03 15:42:40,231 - ExchangeAdapter.backpack - ERROR - error:116 - 获取 BTC_USDC_PERP 订单簿快照失败: Cannot connect to host api.backpack.exchange:443 ssl:default [Connection reset by peer]
2026-01-03 15:42:40,232 - ExchangeAdapter.backpack - ERROR - error:116 - 获取订单簿失败 BTC_USDC_PERP: Cannot connect to host api.backpack.exchange:443 ssl:default [Connection reset by peer]
2026-01-03 15:43:04,712 - ExchangeAdapter.backpack - ERROR - error:116 - 获取持仓失败: Cannot connect to host api.backpack.exchange:443 ssl:default [Connection reset by peer]
2026-01-03 15:43:10,431 - ExchangeAdapter.backpack - ERROR - error:116 - 获取行情失败 BTC_USDC_PERP: Cannot connect to host api.backpack.exchange:443 ssl:default [Connection reset by peer]
2026-01-03 15:43:11,820 - ExchangeAdapter.backpack - ERROR - error:116 - 获取 BTC_USDC_PERP 订单簿快照失败: Cannot connect to host api.backpack.exchange:443 ssl:default [Connection reset by peer]
2026-01-03 15:43:11,821 - ExchangeAdapter.backpack - ERROR - error:116 - 获取订单簿失败 BTC_USDC_PERP: Cannot connect to host api.backpack.exchange:443 ssl:default [Connection reset by peer]
2026-01-03 15:43:13,633 - ExchangeAdapter.backpack - ERROR - error:116 - ❌ [Backpack] 余额查询失败: Cannot connect to host api.backpack.exchange:443 ssl:default [Connection reset by peer]
Traceback (most recent call last):
  File "/Users/lichenglin/PycharmProjects/PythonProject/crypto-trading-open/env/lib/python3.9/site-packages/aiohttp/connector.py", line 992, in _wrap_create_connection
    return await self._loop.create_connection(*args, **kwargs)
  File "/usr/local/Cellar/python@3.9/3.9.12/Frameworks/Python.framework/Versions/3.9/lib/python3.9/asyncio/base_events.py", line 1090, in create_connection
    transport, protocol = await self._create_connection_transport(
  File "/usr/local/Cellar/python@3.9/3.9.12/Frameworks/Python.framework/Versions/3.9/lib/python3.9/asyncio/base_events.py", line 1120, in _create_connection_transport
    await waiter
  File "/usr/local/Cellar/python@3.9/3.9.12/Frameworks/Python.framework/Versions/3.9/lib/python3.9/asyncio/selector_events.py", line 853, in _read_ready__data_received
    data = self._sock.recv(self.max_size)
ConnectionResetError: [Errno 54] Connection reset by peer

The above exception was the direct cause of the following exception:

Traceback (most recent call last):
  File "/Users/lichenglin/PycharmProjects/PythonProject/crypto-trading-open/core/adapters/exchanges/adapters/backpack_rest.py", line 1036, in get_balances
  File "/Users/lichenglin/PycharmProjects/PythonProject/crypto-trading-open/core/adapters/exchanges/adapters/backpack_rest.py", line 387, in _make_authenticated_request
    data: Optional[Dict] = None
  File "/Users/lichenglin/PycharmProjects/PythonProject/crypto-trading-open/env/lib/python3.9/site-packages/aiohttp/client.py", line 1187, in __aenter__
    self._resp = await self._coro
  File "/Users/lichenglin/PycharmProjects/PythonProject/crypto-trading-open/env/lib/python3.9/site-packages/aiohttp/client.py", line 574, in _request
    conn = await self._connector.connect(
  File "/Users/lichenglin/PycharmProjects/PythonProject/crypto-trading-open/env/lib/python3.9/site-packages/aiohttp/connector.py", line 544, in connect
    proto = await self._create_connection(req, traces, timeout)
  File "/Users/lichenglin/PycharmProjects/PythonProject/crypto-trading-open/env/lib/python3.9/site-packages/aiohttp/connector.py", line 911, in _create_connection
    _, proto = await self._create_direct_connection(req, traces, timeout)
  File "/Users/lichenglin/PycharmProjects/PythonProject/crypto-trading-open/env/lib/python3.9/site-packages/aiohttp/connector.py", line 1235, in _create_direct_connection
    raise last_exc
  File "/Users/lichenglin/PycharmProjects/PythonProject/crypto-trading-open/env/lib/python3.9/site-packages/aiohttp/connector.py", line 1204, in _create_direct_connection
    transp, proto = await self._wrap_create_connection(
  File "/Users/lichenglin/PycharmProjects/PythonProject/crypto-trading-open/env/lib/python3.9/site-packages/aiohttp/connector.py", line 1000, in _wrap_create_connection
    raise client_error(req.connection_key, exc) from exc
aiohttp.client_exceptions.ClientConnectorError: Cannot connect to host api.backpack.exchange:443 ssl:default [Connection reset by peer]
2026-01-03 15:43:42,237 - ExchangeAdapter.backpack - ERROR - error:116 - 获取行情失败 BTC_USDC_PERP: Cannot connect to host api.backpack.exchange:443 ssl:default [Connection reset by peer]
2026-01-03 15:43:42,480 - ExchangeAdapter.backpack - ERROR - error:116 - 获取 BTC_USDC_PERP 订单簿快照失败: Cannot connect to host api.backpack.exchange:443 ssl:default [Connection reset by peer]
2026-01-03 15:43:42,481 - ExchangeAdapter.backpack - ERROR - error:116 - 获取订单簿失败 BTC_USDC_PERP: Cannot connect to host api.backpack.exchange:443 ssl:default [Connection reset by peer]
2026-01-03 15:44:05,211 - ExchangeAdapter.backpack - ERROR - error:116 - 获取持仓失败: Cannot connect to host api.backpack.exchange:443 ssl:default [Connection reset by peer]
2026-01-03 15:44:13,721 - ExchangeAdapter.backpack - ERROR - error:116 - 获取行情失败 BTC_USDC_PERP: Cannot connect to host api.backpack.exchange:443 ssl:default [Connection reset by peer]
2026-01-03 15:44:13,972 - ExchangeAdapter.backpack - ERROR - error:116 - ❌ [Backpack] 余额查询失败: Cannot connect to host api.backpack.exchange:443 ssl:default [Connection reset by peer]
Traceback (most recent call last):
  File "/Users/lichenglin/PycharmProjects/PythonProject/crypto-trading-open/env/lib/python3.9/site-packages/aiohttp/connector.py", line 992, in _wrap_create_connection
    return await self._loop.create_connection(*args, **kwargs)
  File "/usr/local/Cellar/python@3.9/3.9.12/Frameworks/Python.framework/Versions/3.9/lib/python3.9/asyncio/base_events.py", line 1090, in create_connection
    transport, protocol = await self._create_connection_transport(
  File "/usr/local/Cellar/python@3.9/3.9.12/Frameworks/Python.framework/Versions/3.9/lib/python3.9/asyncio/base_events.py", line 1120, in _create_connection_transport
    await waiter
  File "/usr/local/Cellar/python@3.9/3.9.12/Frameworks/Python.framework/Versions/3.9/lib/python3.9/asyncio/selector_events.py", line 853, in _read_ready__data_received
    data = self._sock.recv(self.max_size)
ConnectionResetError: [Errno 54] Connection reset by peer

The above exception was the direct cause of the following exception:

Traceback (most recent call last):
  File "/Users/lichenglin/PycharmProjects/PythonProject/crypto-trading-open/core/adapters/exchanges/adapters/backpack_rest.py", line 1036, in get_balances
  File "/Users/lichenglin/PycharmProjects/PythonProject/crypto-trading-open/core/adapters/exchanges/adapters/backpack_rest.py", line 387, in _make_authenticated_request
    data: Optional[Dict] = None
  File "/Users/lichenglin/PycharmProjects/PythonProject/crypto-trading-open/env/lib/python3.9/site-packages/aiohttp/client.py", line 1187, in __aenter__
    self._resp = await self._coro
  File "/Users/lichenglin/PycharmProjects/PythonProject/crypto-trading-open/env/lib/python3.9/site-packages/aiohttp/client.py", line 574, in _request
    conn = await self._connector.connect(
  File "/Users/lichenglin/PycharmProjects/PythonProject/crypto-trading-open/env/lib/python3.9/site-packages/aiohttp/connector.py", line 544, in connect
    proto = await self._create_connection(req, traces, timeout)
  File "/Users/lichenglin/PycharmProjects/PythonProject/crypto-trading-open/env/lib/python3.9/site-packages/aiohttp/connector.py", line 911, in _create_connection
    _, proto = await self._create_direct_connection(req, traces, timeout)
  File "/Users/lichenglin/PycharmProjects/PythonProject/crypto-trading-open/env/lib/python3.9/site-packages/aiohttp/connector.py", line 1235, in _create_direct_connection
    raise last_exc
  File "/Users/lichenglin/PycharmProjects/PythonProject/crypto-trading-open/env/lib/python3.9/site-packages/aiohttp/connector.py", line 1204, in _create_direct_connection
    transp, proto = await self._wrap_create_connection(
  File "/Users/lichenglin/PycharmProjects/PythonProject/crypto-trading-open/env/lib/python3.9/site-packages/aiohttp/connector.py", line 1000, in _wrap_create_connection
    raise client_error(req.connection_key, exc) from exc
aiohttp.client_exceptions.ClientConnectorError: Cannot connect to host api.backpack.exchange:443 ssl:default [Connection reset by peer]
2026-01-03 15:44:15,003 - ExchangeAdapter.backpack - ERROR - error:116 - 获取 BTC_USDC_PERP 订单簿快照失败: Cannot connect to host api.backpack.exchange:443 ssl:default [Connection reset by peer]
2026-01-03 15:44:15,003 - ExchangeAdapter.backpack - ERROR - error:116 - 获取订单簿失败 BTC_USDC_PERP: Cannot connect to host api.backpack.exchange:443 ssl:default [Connection reset by peer]
2026-01-03 15:44:22,061 - ExchangeAdapter.backpack - ERROR - error:116 - 取消所有订单失败: Cannot connect to host api.backpack.exchange:443 ssl:default [Connection reset by peer]
2026-01-03 15:44:22,065 - ExchangeAdapter.backpack - ERROR - error:116 - Traceback (most recent call last):
  File "/usr/local/Cellar/python@3.9/3.9.12/Frameworks/Python.framework/Versions/3.9/lib/python3.9/asyncio/runners.py", line 44, in run
    return loop.run_until_complete(main)
  File "/usr/local/Cellar/python@3.9/3.9.12/Frameworks/Python.framework/Versions/3.9/lib/python3.9/asyncio/base_events.py", line 634, in run_until_complete
    self.run_forever()
  File "/usr/local/Cellar/python@3.9/3.9.12/Frameworks/Python.framework/Versions/3.9/lib/python3.9/asyncio/base_events.py", line 601, in run_forever
    self._run_once()
  File "/usr/local/Cellar/python@3.9/3.9.12/Frameworks/Python.framework/Versions/3.9/lib/python3.9/asyncio/base_events.py", line 1869, in _run_once
    event_list = self._selector.select(timeout)
  File "/usr/local/Cellar/python@3.9/3.9.12/Frameworks/Python.framework/Versions/3.9/lib/python3.9/selectors.py", line 562, in select
    kev_list = self._selector.control(None, max_ev, timeout)
KeyboardInterrupt

During handling of the above exception, another exception occurred:

Traceback (most recent call last):
  File "/Users/lichenglin/PycharmProjects/PythonProject/crypto-trading-open/env/lib/python3.9/site-packages/aiohttp/connector.py", line 992, in _wrap_create_connection
    return await self._loop.create_connection(*args, **kwargs)
  File "/usr/local/Cellar/python@3.9/3.9.12/Frameworks/Python.framework/Versions/3.9/lib/python3.9/asyncio/base_events.py", line 1090, in create_connection
    transport, protocol = await self._create_connection_transport(
  File "/usr/local/Cellar/python@3.9/3.9.12/Frameworks/Python.framework/Versions/3.9/lib/python3.9/asyncio/base_events.py", line 1120, in _create_connection_transport
    await waiter
  File "/usr/local/Cellar/python@3.9/3.9.12/Frameworks/Python.framework/Versions/3.9/lib/python3.9/asyncio/selector_events.py", line 853, in _read_ready__data_received
    data = self._sock.recv(self.max_size)
ConnectionResetError: [Errno 54] Connection reset by peer

The above exception was the direct cause of the following exception:

Traceback (most recent call last):
  File "/Users/lichenglin/PycharmProjects/PythonProject/crypto-trading-open/core/adapters/exchanges/adapters/backpack_rest.py", line 1595, in cancel_all_orders
    1. 先尝试使用 Backpack 的批量取消 API（只使用 symbol 参数）
  File "/Users/lichenglin/PycharmProjects/PythonProject/crypto-trading-open/core/adapters/exchanges/adapters/backpack_rest.py", line 387, in _make_authenticated_request
    data: Optional[Dict] = None
  File "/Users/lichenglin/PycharmProjects/PythonProject/crypto-trading-open/env/lib/python3.9/site-packages/aiohttp/client.py", line 1187, in __aenter__
    self._resp = await self._coro
  File "/Users/lichenglin/PycharmProjects/PythonProject/crypto-trading-open/env/lib/python3.9/site-packages/aiohttp/client.py", line 574, in _request
    conn = await self._connector.connect(
  File "/Users/lichenglin/PycharmProjects/PythonProject/crypto-trading-open/env/lib/python3.9/site-packages/aiohttp/connector.py", line 544, in connect
    proto = await self._create_connection(req, traces, timeout)
  File "/Users/lichenglin/PycharmProjects/PythonProject/crypto-trading-open/env/lib/python3.9/site-packages/aiohttp/connector.py", line 911, in _create_connection
    _, proto = await self._create_direct_connection(req, traces, timeout)
  File "/Users/lichenglin/PycharmProjects/PythonProject/crypto-trading-open/env/lib/python3.9/site-packages/aiohttp/connector.py", line 1235, in _create_direct_connection
    raise last_exc
  File "/Users/lichenglin/PycharmProjects/PythonProject/crypto-trading-open/env/lib/python3.9/site-packages/aiohttp/connector.py", line 1204, in _create_direct_connection
    transp, proto = await self._wrap_create_connection(
  File "/Users/lichenglin/PycharmProjects/PythonProject/crypto-trading-open/env/lib/python3.9/site-packages/aiohttp/connector.py", line 1000, in _wrap_create_connection
    raise client_error(req.connection_key, exc) from exc
aiohttp.client_exceptions.ClientConnectorError: Cannot connect to host api.backpack.exchange:443 ssl:default [Connection reset by peer]

2026-01-03 15:44:22,386 - ExchangeAdapter.backpack - ERROR - error:116 - 取消所有订单失败: Cannot connect to host api.backpack.exchange:443 ssl:default [Connection reset by peer]
2026-01-03 15:44:22,388 - ExchangeAdapter.backpack - ERROR - error:116 - Traceback (most recent call last):
  File "/usr/local/Cellar/python@3.9/3.9.12/Frameworks/Python.framework/Versions/3.9/lib/python3.9/asyncio/runners.py", line 44, in run
    return loop.run_until_complete(main)
  File "/usr/local/Cellar/python@3.9/3.9.12/Frameworks/Python.framework/Versions/3.9/lib/python3.9/asyncio/base_events.py", line 634, in run_until_complete
    self.run_forever()
  File "/usr/local/Cellar/python@3.9/3.9.12/Frameworks/Python.framework/Versions/3.9/lib/python3.9/asyncio/base_events.py", line 601, in run_forever
    self._run_once()
  File "/usr/local/Cellar/python@3.9/3.9.12/Frameworks/Python.framework/Versions/3.9/lib/python3.9/asyncio/base_events.py", line 1869, in _run_once
    event_list = self._selector.select(timeout)
  File "/usr/local/Cellar/python@3.9/3.9.12/Frameworks/Python.framework/Versions/3.9/lib/python3.9/selectors.py", line 562, in select
    kev_list = self._selector.control(None, max_ev, timeout)
KeyboardInterrupt

During handling of the above exception, another exception occurred:

Traceback (most recent call last):
  File "/Users/lichenglin/PycharmProjects/PythonProject/crypto-trading-open/env/lib/python3.9/site-packages/aiohttp/connector.py", line 992, in _wrap_create_connection
    return await self._loop.create_connection(*args, **kwargs)
  File "/usr/local/Cellar/python@3.9/3.9.12/Frameworks/Python.framework/Versions/3.9/lib/python3.9/asyncio/base_events.py", line 1090, in create_connection
    transport, protocol = await self._create_connection_transport(
  File "/usr/local/Cellar/python@3.9/3.9.12/Frameworks/Python.framework/Versions/3.9/lib/python3.9/asyncio/base_events.py", line 1120, in _create_connection_transport
    await waiter
  File "/usr/local/Cellar/python@3.9/3.9.12/Frameworks/Python.framework/Versions/3.9/lib/python3.9/asyncio/selector_events.py", line 853, in _read_ready__data_received
    data = self._sock.recv(self.max_size)
ConnectionResetError: [Errno 54] Connection reset by peer

The above exception was the direct cause of the following exception:

Traceback (most recent call last):
  File "/Users/lichenglin/PycharmProjects/PythonProject/crypto-trading-open/core/adapters/exchanges/adapters/backpack_rest.py", line 1595, in cancel_all_orders
    1. 先尝试使用 Backpack 的批量取消 API（只使用 symbol 参数）
  File "/Users/lichenglin/PycharmProjects/PythonProject/crypto-trading-open/core/adapters/exchanges/adapters/backpack_rest.py", line 387, in _make_authenticated_request
    data: Optional[Dict] = None
  File "/Users/lichenglin/PycharmProjects/PythonProject/crypto-trading-open/env/lib/python3.9/site-packages/aiohttp/client.py", line 1187, in __aenter__
    self._resp = await self._coro
  File "/Users/lichenglin/PycharmProjects/PythonProject/crypto-trading-open/env/lib/python3.9/site-packages/aiohttp/client.py", line 574, in _request
    conn = await self._connector.connect(
  File "/Users/lichenglin/PycharmProjects/PythonProject/crypto-trading-open/env/lib/python3.9/site-packages/aiohttp/connector.py", line 544, in connect
    proto = await self._create_connection(req, traces, timeout)
  File "/Users/lichenglin/PycharmProjects/PythonProject/crypto-trading-open/env/lib/python3.9/site-packages/aiohttp/connector.py", line 911, in _create_connection
    _, proto = await self._create_direct_connection(req, traces, timeout)
  File "/Users/lichenglin/PycharmProjects/PythonProject/crypto-trading-open/env/lib/python3.9/site-packages/aiohttp/connector.py", line 1235, in _create_direct_connection
    raise last_exc
  File "/Users/lichenglin/PycharmProjects/PythonProject/crypto-trading-open/env/lib/python3.9/site-packages/aiohttp/connector.py", line 1204, in _create_direct_connection
    transp, proto = await self._wrap_create_connection(
  File "/Users/lichenglin/PycharmProjects/PythonProject/crypto-trading-open/env/lib/python3.9/site-packages/aiohttp/connector.py", line 1000, in _wrap_create_connection
    raise client_error(req.connection_key, exc) from exc
aiohttp.client_exceptions.ClientConnectorError: Cannot connect to host api.backpack.exchange:443 ssl:default [Connection reset by peer]

2026-01-03 15:44:22,391 - ExchangeAdapter.backpack - INFO - info:102 - 正在断开交易所连接...
2026-01-03 15:44:22,391 - ExchangeAdapter.backpack - INFO - disconnect:303 - 🔄 开始断开Backpack WebSocket连接...
2026-01-03 15:44:22,391 - ExchangeAdapter.backpack - INFO - disconnect:336 - 🛑 关闭Backpack session...
2026-01-03 15:44:22,392 - ExchangeAdapter.backpack - INFO - disconnect:343 - ✅ Backpack session已关闭
2026-01-03 15:44:22,392 - ExchangeAdapter.backpack - INFO - disconnect:352 - 🎉 Backpack WebSocket连接断开完成
2026-01-03 15:44:22,393 - ExchangeAdapter.backpack - INFO - info:102 - Backpack REST会话已关闭
2026-01-03 15:44:22,393 - ExchangeAdapter.backpack - INFO - info:102 - Backpack适配器已断开连接
2026-01-03 15:44:22,394 - ExchangeAdapter.backpack - INFO - info:102 - 交易所连接已断开
2026-01-03 15:44:22,394 - ExchangeAdapter.backpack - INFO - info:102 - 交易所适配器已停止: backpack
2026-01-03 15:45:36,790 - ExchangeAdapter.backpack - INFO - info:102 - 初始化交易所适配器: Backpack
2026-01-03 15:45:36,791 - ExchangeAdapter.backpack - INFO - info:102 - ✅ [Backpack] 已注册订单缓存回调，当前回调数量: 1
2026-01-03 15:45:36,822 - ExchangeAdapter.backpack - INFO - info:102 - [Backpack] 订阅管理器: 初始化成功 (模式: dynamic)
2026-01-03 15:45:36,823 - ExchangeAdapter.backpack - INFO - info:102 - 正在连接到交易所...
2026-01-03 15:45:36,823 - ExchangeAdapter.backpack - INFO - info:102 - 测试Backpack API连接并获取市场数据...
2026-01-03 15:45:37,304 - ExchangeAdapter.backpack - INFO - info:102 - Backpack API连接成功
2026-01-03 15:45:37,308 - ExchangeAdapter.backpack - INFO - info:102 - 获取到 149 个市场数据
2026-01-03 15:45:37,308 - ExchangeAdapter.backpack - INFO - info:102 - ✅ Backpack连接成功，市场数据统计:
2026-01-03 15:45:37,309 - ExchangeAdapter.backpack - INFO - info:102 -   - 总市场数量: 149
2026-01-03 15:45:37,309 - ExchangeAdapter.backpack - INFO - info:102 -   - 永续合约: 73
2026-01-03 15:45:37,309 - ExchangeAdapter.backpack - INFO - info:102 -   - 现货交易对: 76 (已跳过)
2026-01-03 15:45:37,309 - ExchangeAdapter.backpack - INFO - info:102 -   - 最终可用: 73 个永续合约
2026-01-03 15:45:37,310 - ExchangeAdapter.backpack - INFO - info:102 - 成功获取 73 个交易对
2026-01-03 15:45:37,310 - ExchangeAdapter.backpack - INFO - connect:248 - 🔌 [Backpack] 开始建立WebSocket连接...
2026-01-03 15:45:37,762 - ExchangeAdapter.backpack - ERROR - connect:305 - ❌ [Backpack] 建立WebSocket连接失败: Cannot connect to host ws.backpack.exchange:443 ssl:default [Connection reset by peer]
2026-01-03 15:45:37,763 - ExchangeAdapter.backpack - WARNING - warning:109 - ⚠️ Backpack WebSocket连接失败，但REST API可用
2026-01-03 15:45:37,911 - ExchangeAdapter.backpack - INFO - info:102 - [Backpack] 余额查询成功: 1个币种
2026-01-03 15:45:37,912 - ExchangeAdapter.backpack - INFO - info:102 - Backpack适配器连接成功
2026-01-03 15:45:37,912 - ExchangeAdapter.backpack - INFO - info:102 - 交易所连接成功
2026-01-03 15:45:37,912 - ExchangeAdapter.backpack - INFO - info:102 - 交易所适配器已启动: backpack
2026-01-03 15:45:38,231 - ExchangeAdapter.backpack - INFO - connect:248 - 🔌 [Backpack] 开始建立WebSocket连接...
2026-01-03 15:45:38,481 - ExchangeAdapter.backpack - ERROR - connect:305 - ❌ [Backpack] 建立WebSocket连接失败: Cannot connect to host ws.backpack.exchange:443 ssl:default [Connection reset by peer]
2026-01-03 15:45:38,483 - ExchangeAdapter.backpack - INFO - subscribe_user_data:2021 - 订阅订单更新流: account.orderUpdate (timestamp=1767426338482)
2026-01-03 15:45:38,484 - ExchangeAdapter.backpack - WARNING - _safe_send_message:233 - ⚠️ WebSocket连接不可用，无法发送消息
2026-01-03 15:45:38,484 - ExchangeAdapter.backpack - WARNING - subscribe_user_data:2031 - 发送订单更新订阅消息失败
2026-01-03 15:45:38,485 - ExchangeAdapter.backpack - INFO - subscribe_user_data:2046 - 订阅持仓更新流: account.positionUpdate (timestamp=1767426338484)
2026-01-03 15:45:38,485 - ExchangeAdapter.backpack - WARNING - _safe_send_message:233 - ⚠️ WebSocket连接不可用，无法发送消息
2026-01-03 15:45:38,485 - ExchangeAdapter.backpack - WARNING - subscribe_user_data:2056 - 发送持仓更新订阅消息失败
2026-01-03 15:45:38,486 - ExchangeAdapter.backpack - INFO - connect:248 - 🔌 [Backpack] 开始建立WebSocket连接...
2026-01-03 15:45:39,749 - ExchangeAdapter.backpack - ERROR - connect:305 - ❌ [Backpack] 建立WebSocket连接失败: Cannot connect to host ws.backpack.exchange:443 ssl:default [Connection reset by peer]
2026-01-03 15:45:39,749 - ExchangeAdapter.backpack - WARNING - _safe_send_message:233 - ⚠️ WebSocket连接不可用，无法发送消息
2026-01-03 15:45:39,749 - ExchangeAdapter.backpack - WARNING - subscribe_ticker:1859 - 发送 BTC_USDC_PERP 订阅消息失败
2026-01-03 15:46:44,170 - ExchangeAdapter.backpack - INFO - info:102 - [Backpack] 余额查询成功: 1个币种
2026-01-03 15:47:44,328 - ExchangeAdapter.backpack - INFO - info:102 - [Backpack] 余额查询成功: 1个币种
2026-01-03 15:48:44,472 - ExchangeAdapter.backpack - INFO - info:102 - [Backpack] 余额查询成功: 1个币种
2026-01-03 15:49:44,610 - ExchangeAdapter.backpack - INFO - info:102 - [Backpack] 余额查询成功: 1个币种
2026-01-03 15:50:44,759 - ExchangeAdapter.backpack - INFO - info:102 - [Backpack] 余额查询成功: 1个币种
2026-01-03 15:51:44,921 - ExchangeAdapter.backpack - INFO - info:102 - [Backpack] 余额查询成功: 1个币种
2026-01-03 15:52:45,081 - ExchangeAdapter.backpack - INFO - info:102 - [Backpack] 余额查询成功: 1个币种
2026-01-03 15:53:45,242 - ExchangeAdapter.backpack - INFO - info:102 - [Backpack] 余额查询成功: 1个币种
2026-01-03 15:54:45,445 - ExchangeAdapter.backpack - INFO - info:102 - [Backpack] 余额查询成功: 1个币种
2026-01-03 15:55:46,105 - ExchangeAdapter.backpack - INFO - info:102 - [Backpack] 余额查询成功: 1个币种
2026-01-03 15:56:46,262 - ExchangeAdapter.backpack - INFO - info:102 - [Backpack] 余额查询成功: 1个币种
2026-01-03 15:56:47,977 - ExchangeAdapter.backpack - WARNING - warning:109 - API请求失败 400: {"code":"INVALID_CLIENT_REQUEST","message":"Market orders must not specify a `price`"}
2026-01-03 15:56:47,977 - ExchangeAdapter.backpack - ERROR - error:116 - 创建订单失败: API request failed: 400 - {"code":"INVALID_CLIENT_REQUEST","message":"Market orders must not specify a `price`"}
2026-01-03 15:56:47,977 - ExchangeAdapter.backpack - ERROR - error:116 - 异常类型: RuntimeError
2026-01-03 15:56:47,977 - ExchangeAdapter.backpack - ERROR - error:116 - 订单数据: {'symbol': 'BTC_USDC_PERP', 'side': 'Bid', 'orderType': 'Market', 'quantity': '0.002', 'price': '89465.1'}
2026-01-03 15:56:47,978 - ExchangeAdapter.backpack - ERROR - error:116 - 异常堆栈: Traceback (most recent call last):
  File "/Users/lichenglin/PycharmProjects/PythonProject/crypto-trading-open/core/adapters/exchanges/adapters/backpack_rest.py", line 1512, in create_order
    response = await self._make_authenticated_request("POST", "/api/v1/order", data=order_data)
  File "/Users/lichenglin/PycharmProjects/PythonProject/crypto-trading-open/core/adapters/exchanges/adapters/backpack_rest.py", line 435, in _make_authenticated_request
    raise RuntimeError(
RuntimeError: API request failed: 400 - {"code":"INVALID_CLIENT_REQUEST","message":"Market orders must not specify a `price`"}

2026-01-03 15:57:46,727 - ExchangeAdapter.backpack - INFO - info:102 - [Backpack] 余额查询成功: 1个币种
2026-01-03 15:58:47,201 - ExchangeAdapter.backpack - INFO - info:102 - [Backpack] 余额查询成功: 1个币种
2026-01-03 15:59:47,781 - ExchangeAdapter.backpack - INFO - info:102 - [Backpack] 余额查询成功: 1个币种
2026-01-03 16:00:48,304 - ExchangeAdapter.backpack - INFO - info:102 - [Backpack] 余额查询成功: 1个币种
2026-01-03 16:01:48,819 - ExchangeAdapter.backpack - INFO - info:102 - [Backpack] 余额查询成功: 1个币种
2026-01-03 16:02:49,592 - ExchangeAdapter.backpack - INFO - info:102 - [Backpack] 余额查询成功: 1个币种
2026-01-03 16:03:50,146 - ExchangeAdapter.backpack - INFO - info:102 - [Backpack] 余额查询成功: 1个币种
2026-01-03 16:04:50,662 - ExchangeAdapter.backpack - INFO - info:102 - [Backpack] 余额查询成功: 1个币种
2026-01-03 16:05:51,289 - ExchangeAdapter.backpack - INFO - info:102 - [Backpack] 余额查询成功: 1个币种
2026-01-03 16:06:50,534 - ExchangeAdapter.backpack - WARNING - warning:109 - API请求失败 400: {"code":"INVALID_CLIENT_REQUEST","message":"Market orders must not specify a `price`"}
2026-01-03 16:06:50,537 - ExchangeAdapter.backpack - ERROR - error:116 - 创建订单失败: API request failed: 400 - {"code":"INVALID_CLIENT_REQUEST","message":"Market orders must not specify a `price`"}
2026-01-03 16:06:50,537 - ExchangeAdapter.backpack - ERROR - error:116 - 异常类型: RuntimeError
2026-01-03 16:06:50,537 - ExchangeAdapter.backpack - ERROR - error:116 - 订单数据: {'symbol': 'BTC_USDC_PERP', 'side': 'Bid', 'orderType': 'Market', 'quantity': '0.002', 'price': '89491.6'}
2026-01-03 16:06:50,538 - ExchangeAdapter.backpack - ERROR - error:116 - 异常堆栈: Traceback (most recent call last):
  File "/Users/lichenglin/PycharmProjects/PythonProject/crypto-trading-open/core/adapters/exchanges/adapters/backpack_rest.py", line 1512, in create_order
    response = await self._make_authenticated_request("POST", "/api/v1/order", data=order_data)
  File "/Users/lichenglin/PycharmProjects/PythonProject/crypto-trading-open/core/adapters/exchanges/adapters/backpack_rest.py", line 435, in _make_authenticated_request
    raise RuntimeError(
RuntimeError: API request failed: 400 - {"code":"INVALID_CLIENT_REQUEST","message":"Market orders must not specify a `price`"}

2026-01-03 16:06:51,535 - ExchangeAdapter.backpack - INFO - info:102 - [Backpack] 余额查询成功: 1个币种
2026-01-03 16:07:52,052 - ExchangeAdapter.backpack - INFO - info:102 - [Backpack] 余额查询成功: 1个币种
2026-01-03 16:08:52,638 - ExchangeAdapter.backpack - INFO - info:102 - [Backpack] 余额查询成功: 1个币种
2026-01-03 16:09:53,528 - ExchangeAdapter.backpack - INFO - info:102 - [Backpack] 余额查询成功: 1个币种
2026-01-03 16:10:54,014 - ExchangeAdapter.backpack - INFO - info:102 - [Backpack] 余额查询成功: 1个币种
2026-01-03 16:11:54,608 - ExchangeAdapter.backpack - INFO - info:102 - [Backpack] 余额查询成功: 1个币种
2026-01-03 16:12:55,203 - ExchangeAdapter.backpack - INFO - info:102 - [Backpack] 余额查询成功: 1个币种
2026-01-03 16:13:55,765 - ExchangeAdapter.backpack - INFO - info:102 - [Backpack] 余额查询成功: 1个币种
2026-01-03 16:14:56,366 - ExchangeAdapter.backpack - INFO - info:102 - [Backpack] 余额查询成功: 1个币种
2026-01-03 16:15:56,997 - ExchangeAdapter.backpack - INFO - info:102 - [Backpack] 余额查询成功: 1个币种
2026-01-03 16:16:52,838 - ExchangeAdapter.backpack - WARNING - warning:109 - API请求失败 400: {"code":"INVALID_CLIENT_REQUEST","message":"Market orders must not specify a `price`"}
2026-01-03 16:16:52,840 - ExchangeAdapter.backpack - ERROR - error:116 - 创建订单失败: API request failed: 400 - {"code":"INVALID_CLIENT_REQUEST","message":"Market orders must not specify a `price`"}
2026-01-03 16:16:52,840 - ExchangeAdapter.backpack - ERROR - error:116 - 异常类型: RuntimeError
2026-01-03 16:16:52,840 - ExchangeAdapter.backpack - ERROR - error:116 - 订单数据: {'symbol': 'BTC_USDC_PERP', 'side': 'Bid', 'orderType': 'Market', 'quantity': '0.002', 'price': '89469.9'}
2026-01-03 16:16:52,840 - ExchangeAdapter.backpack - ERROR - error:116 - 异常堆栈: Traceback (most recent call last):
  File "/Users/lichenglin/PycharmProjects/PythonProject/crypto-trading-open/core/adapters/exchanges/adapters/backpack_rest.py", line 1512, in create_order
    response = await self._make_authenticated_request("POST", "/api/v1/order", data=order_data)
  File "/Users/lichenglin/PycharmProjects/PythonProject/crypto-trading-open/core/adapters/exchanges/adapters/backpack_rest.py", line 435, in _make_authenticated_request
    raise RuntimeError(
RuntimeError: API request failed: 400 - {"code":"INVALID_CLIENT_REQUEST","message":"Market orders must not specify a `price`"}

2026-01-03 16:16:57,180 - ExchangeAdapter.backpack - INFO - info:102 - [Backpack] 余额查询成功: 1个币种
2026-01-03 16:17:57,684 - ExchangeAdapter.backpack - INFO - info:102 - [Backpack] 余额查询成功: 1个币种
2026-01-03 16:18:58,237 - ExchangeAdapter.backpack - INFO - info:102 - [Backpack] 余额查询成功: 1个币种
2026-01-03 16:19:58,810 - ExchangeAdapter.backpack - INFO - info:102 - [Backpack] 余额查询成功: 1个币种
2026-01-03 16:20:59,351 - ExchangeAdapter.backpack - INFO - info:102 - [Backpack] 余额查询成功: 1个币种
2026-01-03 16:21:59,915 - ExchangeAdapter.backpack - INFO - info:102 - [Backpack] 余额查询成功: 1个币种
2026-01-03 16:23:00,436 - ExchangeAdapter.backpack - INFO - info:102 - [Backpack] 余额查询成功: 1个币种
2026-01-03 16:24:01,012 - ExchangeAdapter.backpack - INFO - info:102 - [Backpack] 余额查询成功: 1个币种
2026-01-03 16:25:01,579 - ExchangeAdapter.backpack - INFO - info:102 - [Backpack] 余额查询成功: 1个币种
2026-01-03 16:26:02,049 - ExchangeAdapter.backpack - INFO - info:102 - [Backpack] 余额查询成功: 1个币种
2026-01-03 16:26:54,513 - ExchangeAdapter.backpack - WARNING - warning:109 - API请求失败 400: {"code":"INVALID_CLIENT_REQUEST","message":"Market orders must not specify a `price`"}
2026-01-03 16:26:54,515 - ExchangeAdapter.backpack - ERROR - error:116 - 创建订单失败: API request failed: 400 - {"code":"INVALID_CLIENT_REQUEST","message":"Market orders must not specify a `price`"}
2026-01-03 16:26:54,516 - ExchangeAdapter.backpack - ERROR - error:116 - 异常类型: RuntimeError
2026-01-03 16:26:54,516 - ExchangeAdapter.backpack - ERROR - error:116 - 订单数据: {'symbol': 'BTC_USDC_PERP', 'side': 'Bid', 'orderType': 'Market', 'quantity': '0.002', 'price': '89547.4'}
2026-01-03 16:26:54,518 - ExchangeAdapter.backpack - ERROR - error:116 - 异常堆栈: Traceback (most recent call last):
  File "/Users/lichenglin/PycharmProjects/PythonProject/crypto-trading-open/core/adapters/exchanges/adapters/backpack_rest.py", line 1512, in create_order
    response = await self._make_authenticated_request("POST", "/api/v1/order", data=order_data)
  File "/Users/lichenglin/PycharmProjects/PythonProject/crypto-trading-open/core/adapters/exchanges/adapters/backpack_rest.py", line 435, in _make_authenticated_request
    raise RuntimeError(
RuntimeError: API request failed: 400 - {"code":"INVALID_CLIENT_REQUEST","message":"Market orders must not specify a `price`"}

2026-01-03 16:27:02,242 - ExchangeAdapter.backpack - INFO - info:102 - [Backpack] 余额查询成功: 1个币种
2026-01-03 16:28:02,807 - ExchangeAdapter.backpack - INFO - info:102 - [Backpack] 余额查询成功: 1个币种
2026-01-03 16:29:03,361 - ExchangeAdapter.backpack - INFO - info:102 - [Backpack] 余额查询成功: 1个币种
2026-01-03 16:30:03,897 - ExchangeAdapter.backpack - INFO - info:102 - [Backpack] 余额查询成功: 1个币种
2026-01-03 16:31:04,751 - ExchangeAdapter.backpack - INFO - info:102 - [Backpack] 余额查询成功: 1个币种
2026-01-03 16:32:05,309 - ExchangeAdapter.backpack - INFO - info:102 - [Backpack] 余额查询成功: 1个币种
2026-01-03 16:33:05,868 - ExchangeAdapter.backpack - INFO - info:102 - [Backpack] 余额查询成功: 1个币种
2026-01-03 16:34:06,427 - ExchangeAdapter.backpack - INFO - info:102 - [Backpack] 余额查询成功: 1个币种
2026-01-03 16:35:06,910 - ExchangeAdapter.backpack - INFO - info:102 - [Backpack] 余额查询成功: 1个币种
2026-01-03 16:36:07,970 - ExchangeAdapter.backpack - INFO - info:102 - [Backpack] 余额查询成功: 1个币种
2026-01-03 16:36:56,275 - ExchangeAdapter.backpack - WARNING - warning:109 - API请求失败 400: {"code":"INVALID_CLIENT_REQUEST","message":"Market orders must not specify a `price`"}
2026-01-03 16:36:56,277 - ExchangeAdapter.backpack - ERROR - error:116 - 创建订单失败: API request failed: 400 - {"code":"INVALID_CLIENT_REQUEST","message":"Market orders must not specify a `price`"}
2026-01-03 16:36:56,277 - ExchangeAdapter.backpack - ERROR - error:116 - 异常类型: RuntimeError
2026-01-03 16:36:56,277 - ExchangeAdapter.backpack - ERROR - error:116 - 订单数据: {'symbol': 'BTC_USDC_PERP', 'side': 'Bid', 'orderType': 'Market', 'quantity': '0.002', 'price': '89680.7'}
2026-01-03 16:36:56,278 - ExchangeAdapter.backpack - ERROR - error:116 - 异常堆栈: Traceback (most recent call last):
  File "/Users/lichenglin/PycharmProjects/PythonProject/crypto-trading-open/core/adapters/exchanges/adapters/backpack_rest.py", line 1512, in create_order
    response = await self._make_authenticated_request("POST", "/api/v1/order", data=order_data)
  File "/Users/lichenglin/PycharmProjects/PythonProject/crypto-trading-open/core/adapters/exchanges/adapters/backpack_rest.py", line 435, in _make_authenticated_request
    raise RuntimeError(
RuntimeError: API request failed: 400 - {"code":"INVALID_CLIENT_REQUEST","message":"Market orders must not specify a `price`"}

2026-01-03 16:37:08,133 - ExchangeAdapter.backpack - INFO - info:102 - [Backpack] 余额查询成功: 1个币种
2026-01-03 16:38:08,698 - ExchangeAdapter.backpack - INFO - info:102 - [Backpack] 余额查询成功: 1个币种
2026-01-03 16:39:09,250 - ExchangeAdapter.backpack - INFO - info:102 - [Backpack] 余额查询成功: 1个币种
2026-01-03 16:40:09,799 - ExchangeAdapter.backpack - INFO - info:102 - [Backpack] 余额查询成功: 1个币种
2026-01-03 16:41:10,348 - ExchangeAdapter.backpack - INFO - info:102 - [Backpack] 余额查询成功: 1个币种
2026-01-03 16:42:10,961 - ExchangeAdapter.backpack - INFO - info:102 - [Backpack] 余额查询成功: 1个币种
2026-01-03 16:43:11,470 - ExchangeAdapter.backpack - INFO - info:102 - [Backpack] 余额查询成功: 1个币种
2026-01-03 16:44:12,072 - ExchangeAdapter.backpack - INFO - info:102 - [Backpack] 余额查询成功: 1个币种
2026-01-03 16:45:12,943 - ExchangeAdapter.backpack - INFO - info:102 - [Backpack] 余额查询成功: 1个币种
2026-01-03 16:45:58,936 - ExchangeAdapter.backpack - WARNING - warning:109 - 心跳检查失败: Cannot connect to host api.backpack.exchange:443 ssl:default [None]
2026-01-03 16:46:23,422 - ExchangeAdapter.backpack - ERROR - error:116 - 获取行情失败 BTC_USDC_PERP: Cannot connect to host api.backpack.exchange:443 ssl:default [None]
2026-01-03 16:46:33,946 - ExchangeAdapter.backpack - WARNING - warning:109 - 心跳检查失败: Cannot connect to host api.backpack.exchange:443 ssl:default [None]
2026-01-03 16:46:42,953 - ExchangeAdapter.backpack - ERROR - error:116 - ❌ [Backpack] 余额查询失败: Cannot connect to host api.backpack.exchange:443 ssl:default [None]
Traceback (most recent call last):
  File "/Users/lichenglin/PycharmProjects/PythonProject/crypto-trading-open/env/lib/python3.9/site-packages/aiohttp/connector.py", line 1104, in _start_tls_connection
    tls_transport = await self._loop.start_tls(
  File "/usr/local/Cellar/python@3.9/3.9.12/Frameworks/Python.framework/Versions/3.9/lib/python3.9/asyncio/base_events.py", line 1240, in start_tls
    await waiter
ConnectionAbortedError: SSL handshake is taking longer than 30 seconds: aborting the connection

The above exception was the direct cause of the following exception:

Traceback (most recent call last):
  File "/Users/lichenglin/PycharmProjects/PythonProject/crypto-trading-open/core/adapters/exchanges/adapters/backpack_rest.py", line 1050, in get_balances
    data = await self._make_authenticated_request("GET", "/api/v1/capital/collateral")
  File "/Users/lichenglin/PycharmProjects/PythonProject/crypto-trading-open/core/adapters/exchanges/adapters/backpack_rest.py", line 401, in _make_authenticated_request
    async with self.session.request(
  File "/Users/lichenglin/PycharmProjects/PythonProject/crypto-trading-open/env/lib/python3.9/site-packages/aiohttp/client.py", line 1187, in __aenter__
    self._resp = await self._coro
  File "/Users/lichenglin/PycharmProjects/PythonProject/crypto-trading-open/env/lib/python3.9/site-packages/aiohttp/client.py", line 574, in _request
    conn = await self._connector.connect(
  File "/Users/lichenglin/PycharmProjects/PythonProject/crypto-trading-open/env/lib/python3.9/site-packages/aiohttp/connector.py", line 544, in connect
    proto = await self._create_connection(req, traces, timeout)
  File "/Users/lichenglin/PycharmProjects/PythonProject/crypto-trading-open/env/lib/python3.9/site-packages/aiohttp/connector.py", line 909, in _create_connection
    _, proto = await self._create_proxy_connection(req, traces, timeout)
  File "/Users/lichenglin/PycharmProjects/PythonProject/crypto-trading-open/env/lib/python3.9/site-packages/aiohttp/connector.py", line 1357, in _create_proxy_connection
    return await self._start_tls_connection(
  File "/Users/lichenglin/PycharmProjects/PythonProject/crypto-trading-open/env/lib/python3.9/site-packages/aiohttp/connector.py", line 1124, in _start_tls_connection
    raise client_error(req.connection_key, exc) from exc
aiohttp.client_exceptions.ClientConnectorError: Cannot connect to host api.backpack.exchange:443 ssl:default [None]
2026-01-03 16:46:53,433 - ExchangeAdapter.backpack - ERROR - error:116 - 获取 BTC_USDC_PERP 订单簿快照失败: Cannot connect to host api.backpack.exchange:443 ssl:default [None]
2026-01-03 16:46:53,434 - ExchangeAdapter.backpack - ERROR - error:116 - 获取订单簿失败 BTC_USDC_PERP: Cannot connect to host api.backpack.exchange:443 ssl:default [None]
2026-01-03 16:47:08,959 - ExchangeAdapter.backpack - WARNING - warning:109 - 心跳检查失败: Cannot connect to host api.backpack.exchange:443 ssl:default [None]
2026-01-03 16:47:26,320 - ExchangeAdapter.backpack - ERROR - error:116 - 获取开放订单失败: Cannot connect to host api.backpack.exchange:443 ssl:default [None]
2026-01-03 16:47:26,321 - ExchangeAdapter.backpack - ERROR - error:116 - 获取持仓失败: Cannot connect to host api.backpack.exchange:443 ssl:default [None]
2026-01-03 16:47:43,967 - ExchangeAdapter.backpack - WARNING - warning:109 - 心跳检查失败: Cannot connect to host api.backpack.exchange:443 ssl:default [None]
2026-01-03 16:47:53,475 - ExchangeAdapter.backpack - ERROR - error:116 - 获取行情失败 BTC_USDC_PERP: Cannot connect to host api.backpack.exchange:443 ssl:default [None]
2026-01-03 16:47:56,836 - ExchangeAdapter.backpack - ERROR - error:116 - 获取开放订单失败: Cannot connect to host api.backpack.exchange:443 ssl:default [None]
2026-01-03 16:47:56,837 - ExchangeAdapter.backpack - ERROR - error:116 - 获取持仓失败: Cannot connect to host api.backpack.exchange:443 ssl:default [None]
2026-01-03 16:48:12,977 - ExchangeAdapter.backpack - ERROR - error:116 - ❌ [Backpack] 余额查询失败: Cannot connect to host api.backpack.exchange:443 ssl:default [None]
Traceback (most recent call last):
  File "/Users/lichenglin/PycharmProjects/PythonProject/crypto-trading-open/env/lib/python3.9/site-packages/aiohttp/connector.py", line 1104, in _start_tls_connection
    tls_transport = await self._loop.start_tls(
  File "/usr/local/Cellar/python@3.9/3.9.12/Frameworks/Python.framework/Versions/3.9/lib/python3.9/asyncio/base_events.py", line 1240, in start_tls
    await waiter
ConnectionAbortedError: SSL handshake is taking longer than 30 seconds: aborting the connection

The above exception was the direct cause of the following exception:

Traceback (most recent call last):
  File "/Users/lichenglin/PycharmProjects/PythonProject/crypto-trading-open/core/adapters/exchanges/adapters/backpack_rest.py", line 1050, in get_balances
    data = await self._make_authenticated_request("GET", "/api/v1/capital/collateral")
  File "/Users/lichenglin/PycharmProjects/PythonProject/crypto-trading-open/core/adapters/exchanges/adapters/backpack_rest.py", line 401, in _make_authenticated_request
    async with self.session.request(
  File "/Users/lichenglin/PycharmProjects/PythonProject/crypto-trading-open/env/lib/python3.9/site-packages/aiohttp/client.py", line 1187, in __aenter__
    self._resp = await self._coro
  File "/Users/lichenglin/PycharmProjects/PythonProject/crypto-trading-open/env/lib/python3.9/site-packages/aiohttp/client.py", line 574, in _request
    conn = await self._connector.connect(
  File "/Users/lichenglin/PycharmProjects/PythonProject/crypto-trading-open/env/lib/python3.9/site-packages/aiohttp/connector.py", line 544, in connect
    proto = await self._create_connection(req, traces, timeout)
  File "/Users/lichenglin/PycharmProjects/PythonProject/crypto-trading-open/env/lib/python3.9/site-packages/aiohttp/connector.py", line 909, in _create_connection
    _, proto = await self._create_proxy_connection(req, traces, timeout)
  File "/Users/lichenglin/PycharmProjects/PythonProject/crypto-trading-open/env/lib/python3.9/site-packages/aiohttp/connector.py", line 1357, in _create_proxy_connection
    return await self._start_tls_connection(
  File "/Users/lichenglin/PycharmProjects/PythonProject/crypto-trading-open/env/lib/python3.9/site-packages/aiohttp/connector.py", line 1124, in _start_tls_connection
    raise client_error(req.connection_key, exc) from exc
aiohttp.client_exceptions.ClientConnectorError: Cannot connect to host api.backpack.exchange:443 ssl:default [None]
2026-01-03 16:48:18,982 - ExchangeAdapter.backpack - WARNING - warning:109 - 心跳检查失败: Cannot connect to host api.backpack.exchange:443 ssl:default [None]
2026-01-03 16:48:23,487 - ExchangeAdapter.backpack - ERROR - error:116 - 获取 BTC_USDC_PERP 订单簿快照失败: Cannot connect to host api.backpack.exchange:443 ssl:default [None]
2026-01-03 16:48:23,488 - ExchangeAdapter.backpack - ERROR - error:116 - 获取订单簿失败 BTC_USDC_PERP: Cannot connect to host api.backpack.exchange:443 ssl:default [None]
2026-01-03 16:48:27,348 - ExchangeAdapter.backpack - ERROR - error:116 - 获取开放订单失败: Cannot connect to host api.backpack.exchange:443 ssl:default [None]
2026-01-03 16:48:27,350 - ExchangeAdapter.backpack - ERROR - error:116 - 获取持仓失败: Cannot connect to host api.backpack.exchange:443 ssl:default [None]
2026-01-03 16:49:15,457 - ExchangeAdapter.backpack - INFO - info:102 - [Backpack] 余额查询成功: 1个币种
2026-01-03 16:49:25,000 - ExchangeAdapter.backpack - WARNING - warning:109 - 心跳检查失败: 
2026-01-03 16:50:21,083 - ExchangeAdapter.backpack - WARNING - warning:109 - API请求失败 400: {"code":"INVALID_CLIENT_REQUEST","message":"Request has expired"}
2026-01-03 16:50:21,085 - ExchangeAdapter.backpack - ERROR - error:116 - ❌ [Backpack] 余额查询失败: API request failed: 400 - {"code":"INVALID_CLIENT_REQUEST","message":"Request has expired"}
Traceback (most recent call last):
  File "/Users/lichenglin/PycharmProjects/PythonProject/crypto-trading-open/core/adapters/exchanges/adapters/backpack_rest.py", line 1050, in get_balances
    data = await self._make_authenticated_request("GET", "/api/v1/capital/collateral")
  File "/Users/lichenglin/PycharmProjects/PythonProject/crypto-trading-open/core/adapters/exchanges/adapters/backpack_rest.py", line 435, in _make_authenticated_request
    raise RuntimeError(
RuntimeError: API request failed: 400 - {"code":"INVALID_CLIENT_REQUEST","message":"Request has expired"}
2026-01-03 16:51:21,262 - ExchangeAdapter.backpack - INFO - info:102 - [Backpack] 余额查询成功: 1个币种
2026-01-03 16:52:21,969 - ExchangeAdapter.backpack - INFO - info:102 - [Backpack] 余额查询成功: 1个币种
2026-01-03 16:53:22,486 - ExchangeAdapter.backpack - INFO - info:102 - [Backpack] 余额查询成功: 1个币种
2026-01-03 16:54:51,441 - ExchangeAdapter.backpack - INFO - info:102 - [Backpack] 余额查询成功: 1个币种
2026-01-03 17:01:16,192 - ExchangeAdapter.backpack - INFO - info:102 - [Backpack] 余额查询成功: 1个币种
2026-01-03 17:01:20,044 - ExchangeAdapter.backpack - INFO - info:102 - 批量取消API返回: 5 个订单
2026-01-03 17:01:20,232 - ExchangeAdapter.backpack - INFO - info:102 - 批量取消API返回: 0 个订单
2026-01-03 17:01:20,233 - ExchangeAdapter.backpack - WARNING - warning:109 - 批量取消返回0个订单，尝试获取所有未成交订单并逐个取消...
2026-01-03 17:01:20,420 - ExchangeAdapter.backpack - INFO - info:102 - 获取到 0 个未成交订单
2026-01-03 17:01:20,421 - ExchangeAdapter.backpack - INFO - info:102 - 逐个取消完成: 成功取消 0 个订单
2026-01-03 17:01:20,423 - ExchangeAdapter.backpack - INFO - info:102 - 正在断开交易所连接...
2026-01-03 17:01:20,423 - ExchangeAdapter.backpack - INFO - disconnect:312 - 🔄 开始断开Backpack WebSocket连接...
2026-01-03 17:01:20,424 - ExchangeAdapter.backpack - INFO - disconnect:345 - 🛑 关闭Backpack session...
2026-01-03 17:01:20,424 - ExchangeAdapter.backpack - INFO - disconnect:352 - ✅ Backpack session已关闭
2026-01-03 17:01:20,425 - ExchangeAdapter.backpack - INFO - disconnect:361 - 🎉 Backpack WebSocket连接断开完成
2026-01-03 17:01:20,426 - ExchangeAdapter.backpack - INFO - info:102 - Backpack REST会话已关闭
2026-01-03 17:01:20,426 - ExchangeAdapter.backpack - INFO - info:102 - Backpack适配器已断开连接
2026-01-03 17:01:20,426 - ExchangeAdapter.backpack - INFO - info:102 - 交易所连接已断开
2026-01-03 17:01:20,426 - ExchangeAdapter.backpack - INFO - info:102 - 交易所适配器已停止: backpack
